-- MySQL dump 10.13  Distrib 8.0.19, for Win64 (x86_64)
--
-- Host: team12servermysql2.mysql.database.azure.com    Database: projectmanagementdb
-- ------------------------------------------------------
-- Server version	5.6.42.0

/*!40101 SET @OLD_CHARACTER_SET_CLIENT=@@CHARACTER_SET_CLIENT */;
/*!40101 SET @OLD_CHARACTER_SET_RESULTS=@@CHARACTER_SET_RESULTS */;
/*!40101 SET @OLD_COLLATION_CONNECTION=@@COLLATION_CONNECTION */;
/*!50503 SET NAMES utf8 */;
/*!40103 SET @OLD_TIME_ZONE=@@TIME_ZONE */;
/*!40103 SET TIME_ZONE='+00:00' */;
/*!40014 SET @OLD_UNIQUE_CHECKS=@@UNIQUE_CHECKS, UNIQUE_CHECKS=0 */;
/*!40014 SET @OLD_FOREIGN_KEY_CHECKS=@@FOREIGN_KEY_CHECKS, FOREIGN_KEY_CHECKS=0 */;
/*!40101 SET @OLD_SQL_MODE=@@SQL_MODE, SQL_MODE='NO_AUTO_VALUE_ON_ZERO' */;
/*!40111 SET @OLD_SQL_NOTES=@@SQL_NOTES, SQL_NOTES=0 */;

--
-- Table structure for table `department`
--

DROP TABLE IF EXISTS `department`;
/*!40101 SET @saved_cs_client     = @@character_set_client */;
/*!50503 SET character_set_client = utf8mb4 */;
CREATE TABLE `department` (
  `deptID` int(11) NOT NULL,
  `deptHead` int(11) NOT NULL,
  `current_balance` decimal(6,2) NOT NULL,
  `deptName` varchar(255) DEFAULT NULL,
  PRIMARY KEY (`deptID`)
) ENGINE=InnoDB DEFAULT CHARSET=latin1;
/*!40101 SET character_set_client = @saved_cs_client */;

--
-- Dumping data for table `department`
--

LOCK TABLES `department` WRITE;
/*!40000 ALTER TABLE `department` DISABLE KEYS */;
INSERT INTO `department` VALUES (2601,6541234,-303.00,'America'),(2799,1234567,-3473.01,'Morioh'),(3129,9876543,-2070.00,'England');
/*!40000 ALTER TABLE `department` ENABLE KEYS */;
UNLOCK TABLES;

--
-- Table structure for table `dept_emp`
--

DROP TABLE IF EXISTS `dept_emp`;
/*!40101 SET @saved_cs_client     = @@character_set_client */;
/*!50503 SET character_set_client = utf8mb4 */;
CREATE TABLE `dept_emp` (
  `deptID` int(11) NOT NULL,
  `empID` int(11) NOT NULL,
  KEY `dept_emp_ibfk_1_idx` (`deptID`),
  CONSTRAINT `dept_emp_ibfk_1` FOREIGN KEY (`deptID`) REFERENCES `department` (`deptID`) ON DELETE CASCADE ON UPDATE CASCADE
) ENGINE=InnoDB DEFAULT CHARSET=latin1;
/*!40101 SET character_set_client = @saved_cs_client */;

--
-- Dumping data for table `dept_emp`
--

LOCK TABLES `dept_emp` WRITE;
/*!40000 ALTER TABLE `dept_emp` DISABLE KEYS */;
INSERT INTO `dept_emp` VALUES (2799,1234567),(2799,6555422),(2601,6541234),(3129,1444155),(3129,9998855),(2601,5777855),(3129,9876543);
/*!40000 ALTER TABLE `dept_emp` ENABLE KEYS */;
UNLOCK TABLES;

--
-- Table structure for table `dept_proj`
--

DROP TABLE IF EXISTS `dept_proj`;
/*!40101 SET @saved_cs_client     = @@character_set_client */;
/*!50503 SET character_set_client = utf8mb4 */;
CREATE TABLE `dept_proj` (
  `deptID` int(11) NOT NULL,
  `projectID` int(11) NOT NULL,
  KEY `dept_proj_ibfk_1_idx` (`deptID`),
  CONSTRAINT `dept_proj_ibfk_1` FOREIGN KEY (`deptID`) REFERENCES `department` (`deptID`) ON DELETE CASCADE ON UPDATE CASCADE
) ENGINE=InnoDB DEFAULT CHARSET=latin1;
/*!40101 SET character_set_client = @saved_cs_client */;

--
-- Dumping data for table `dept_proj`
--

LOCK TABLES `dept_proj` WRITE;
/*!40000 ALTER TABLE `dept_proj` DISABLE KEYS */;
INSERT INTO `dept_proj` VALUES (2799,1000000),(2601,2000000),(2601,1876765),(2601,2589632),(2601,2589642),(3129,5000000),(3129,5030000),(2799,4000000),(3129,3000000);
/*!40000 ALTER TABLE `dept_proj` ENABLE KEYS */;
UNLOCK TABLES;

--
-- Table structure for table `employee`
--

DROP TABLE IF EXISTS `employee`;
/*!40101 SET @saved_cs_client     = @@character_set_client */;
/*!50503 SET character_set_client = utf8mb4 */;
CREATE TABLE `employee` (
  `empID` int(11) NOT NULL,
  `deptID` int(11) NOT NULL,
  `firstName` varchar(50) CHARACTER SET utf8 NOT NULL,
  `midName` varchar(50) CHARACTER SET utf8 NOT NULL,
  `lastName` varchar(50) CHARACTER SET utf8 NOT NULL,
  `payrate` decimal(6,2) NOT NULL,
  `hourOrSal` int(11) DEFAULT NULL,
  `datePayed` date NOT NULL,
  `empType` varchar(50) CHARACTER SET utf8 NOT NULL,
  `password` varchar(50) NOT NULL,
  `email` varchar(100) NOT NULL,
  PRIMARY KEY (`empID`),
  KEY `deptID` (`deptID`),
  CONSTRAINT `employee_ibfk_1` FOREIGN KEY (`deptID`) REFERENCES `department` (`deptID`)
) ENGINE=InnoDB DEFAULT CHARSET=latin1;
/*!40101 SET character_set_client = @saved_cs_client */;

--
-- Dumping data for table `employee`
--

LOCK TABLES `employee` WRITE;
/*!40000 ALTER TABLE `employee` DISABLE KEYS */;
INSERT INTO `employee` VALUES (190985,2601,'University','Of','Houston',50.00,1,'0000-00-00','admin','190985Houston','test@email.com'),(469140,2601,'Jenna','Morgan','Horn',500.00,0,'0000-00-00','emp','469140Horn','jmhorn2015@gmail.com'),(814034,2799,'Yuzuru','','Otonashi',15.00,0,'0000-00-00','admin','814034Otonashi','otonashi@gmail.com'),(1234567,2799,'Jotaro','','Kujo',20.00,1,'2020-04-20','admin','1234567Jotaro','12345@uh.edu'),(1444155,3129,'Dio','','Brando',30.00,0,'2020-04-20','pl','1444155Dio','Dio@uh.edu'),(5777855,2601,'Caesar','Anthonio','Zappeli',25.00,0,'2020-04-20','pe','5777855Caesar','Caesar@uh.edu'),(6541234,2601,'Joseph','','Joestar',50.00,1,'2020-04-20','admin','6541234Joseph','Joseph@uh.edu'),(6555422,2799,'Noriaki','','Kakyoin',15.00,0,'2020-04-20','pe','6555422Noriaki','Noriaki@uh.edu'),(8675309,2799,'Jenna','MyGameArtTA','Horn',420.00,0,'2020-04-20','admin','8675309Jenna','jenna@jennaswebsite.com'),(9876543,2601,'Jonathan','Middle','Joestar',100.00,0,'2020-04-20','pl','9876543Jonathan','Jonathan@uh.edu'),(9998855,3129,'Hol','','Horse',10.00,0,'2020-04-20','pe','9998855Hol','Hol@uh.edu');
/*!40000 ALTER TABLE `employee` ENABLE KEYS */;
UNLOCK TABLES;

--
-- Table structure for table `meeting_relation`
--

DROP TABLE IF EXISTS `meeting_relation`;
/*!40101 SET @saved_cs_client     = @@character_set_client */;
/*!50503 SET character_set_client = utf8mb4 */;
CREATE TABLE `meeting_relation` (
  `meetingID` int(11) NOT NULL,
  `empID` int(11) NOT NULL,
  KEY `meeting_relation_ibfk_1` (`meetingID`),
  CONSTRAINT `meeting_relation_ibfk_1` FOREIGN KEY (`meetingID`) REFERENCES `meetings` (`meetingID`) ON DELETE CASCADE ON UPDATE CASCADE
) ENGINE=InnoDB DEFAULT CHARSET=latin1;
/*!40101 SET character_set_client = @saved_cs_client */;

--
-- Dumping data for table `meeting_relation`
--

LOCK TABLES `meeting_relation` WRITE;
/*!40000 ALTER TABLE `meeting_relation` DISABLE KEYS */;
INSERT INTO `meeting_relation` VALUES (111111,9876543),(111111,1444155),(222222,6541234),(222222,5777855),(333333,1234567),(333333,6555422),(333333,6541234),(444444,1444155),(444444,9998855),(170145,814034),(115473,814034),(115473,385066),(115473,420830),(115473,469140),(407953,385066),(407953,5777855),(155797,5777855),(155797,420830),(740600,1234567),(245376,8675309),(912674,9998866),(912674,814034),(800417,9998866),(800417,420830),(800417,5777855),(800417,814034),(112538,385066),(112538,469140),(795343,1444155),(795343,6541234),(795343,6555422),(250513,5777855),(250513,420830),(250513,9998866),(250513,385066),(457963,6555422),(457963,1444155),(104061,1444155),(104061,6541234),(104061,814034),(704971,190985),(704971,5777855),(704971,420830),(370832,8675309),(313502,6555422),(173458,1234567),(173458,1444155),(173458,9876543),(173458,6541234),(720829,6555422),(736433,469140),(156614,9876543),(899395,385066),(899395,814034),(242722,8675309),(242722,469140),(242722,9876543),(455723,6541234),(455723,6555422),(680489,1234567),(680489,9998866),(811656,6541234),(811656,814034),(811656,420830),(557755,9876543),(857093,6555422),(857093,190985),(778098,5777855),(353178,1444155),(778845,9998866),(778845,8675309),(778845,190985),(366699,814034),(198945,420830),(876075,6541234),(876075,385066),(867688,6541234),(867688,6555422),(867688,5777855),(178582,5777855),(178582,190985),(178582,1234567),(178582,1444155),(455566,1234567),(455566,190985),(455566,6555422),(141719,8675309),(141719,6555422),(141719,814034),(157960,8675309),(157960,469140),(107959,5777855),(107959,469140),(107959,420830),(303321,6555422),(303321,469140),(303321,9998866),(954181,8675309),(954181,420830),(954181,1444155),(954181,5777855),(439785,1234567),(439785,6541234),(439785,190985),(413586,1444155),(413586,6541234),(357308,5777855),(775741,190985),(775741,6541234),(775741,1444155),(775741,5777855),(918633,6541234),(918633,8675309),(918633,6555422),(918633,1234567),(888344,1234567),(888344,190985),(888344,385066),(218893,190985),(218893,814034),(915576,9998866),(915576,385066),(915576,6555422),(570687,8675309),(451888,420830),(451888,190985),(451888,9998866),(801741,6555422),(801741,6541234),(801741,5777855),(983657,9876543),(983657,1234567),(983657,9998866),(983657,814034),(978942,1234567),(978942,6541234),(978942,385066),(365387,6541234),(365387,1444155),(365387,5777855),(365387,9876543),(825058,9998866),(825058,190985),(825058,1234567),(825058,814034),(768409,9876543),(111863,9876543),(111863,1234567),(111863,385066),(111863,6555422),(555493,6541234),(740836,9876543),(740836,8675309),(535931,385066),(535931,9876543),(535931,6555422),(557826,8675309),(573816,469140),(326779,9998866),(326779,469140),(326779,6555422),(832209,8675309),(832209,9998866),(832209,1444155),(307772,420830),(555119,9998866),(483166,385066),(483166,9876543),(924913,5777855),(783763,5777855),(818976,6541234),(854866,814034),(854866,6555422),(194222,1444155),(828145,190985),(828145,1444155),(828145,9998866),(798876,5777855),(798876,9998866),(219379,8675309),(219379,1234567),(219379,9998866),(910323,814034),(729911,9998866),(729911,1234567),(642597,190985),(642597,385066),(112292,6555422),(112292,9876543),(874968,6541234),(874968,469140),(414093,5777855),(414093,420830),(498077,814034),(349815,385066),(349815,814034),(349815,9998866),(349815,1234567),(977549,5777855),(771487,420830),(627448,814034),(627448,1444155),(874359,6541234),(250554,1234567),(129991,814034),(550918,1234567),(818348,1444155),(818348,6541234),(290032,9876543),(290032,9998866),(473611,6555422),(473611,469140),(425095,190985),(308062,469140),(308062,9998866),(308062,8675309),(778542,814034),(104775,190985),(104775,9998866),(104775,8675309),(360423,1234567),(360423,385066),(360423,420830),(360423,9876543),(562061,420830),(562061,1444155),(562061,469140),(484392,1234567),(341071,9998866),(341071,6555422),(226401,385066),(226401,420830),(226401,6541234),(992354,9998866),(155573,385066),(155573,190985),(155573,1234567),(159292,9876543),(159292,385066),(159292,814034),(159292,5777855),(321468,469140),(969403,6555422),(969403,8675309),(327697,420830),(238400,469140),(238400,814034),(121201,469140),(933460,814034),(933460,5777855),(933460,420830),(743538,190985),(743538,5777855),(743538,6555422),(149024,9876543),(626825,1234567),(626825,469140),(626825,6541234),(822586,9876543),(822586,6555422),(822586,8675309),(822586,6541234),(203572,9876543),(203572,1444155),(203572,9998866),(992740,420830),(992740,385066),(992740,814034),(992740,1444155),(543947,385066),(543947,469140),(543947,9876543),(486488,9998866),(486488,385066),(486488,1444155),(486488,1234567),(255356,420830),(322335,8675309),(563358,385066),(563358,9998866),(563358,814034),(563358,5777855),(936257,8675309),(936257,420830),(366585,9876543),(716978,8675309),(382046,469140),(382046,9998866),(382046,420830),(746111,5777855),(746111,1234567),(746111,814034),(746111,9998866),(953268,8675309),(953268,190985),(913233,814034),(913233,6541234),(999583,190985),(999583,814034),(999583,6541234),(999583,385066),(434808,8675309),(434808,1234567),(434808,5777855),(755853,385066),(755853,9876543),(755853,6555422),(452060,5777855),(964510,9876543),(394942,6541234),(394942,9876543),(394942,385066),(394942,1444155),(148186,420830),(148186,9876543),(514654,814034),(514654,6541234),(514654,385066),(514654,6555422),(828849,5777855),(828849,1444155),(828849,469140),(771020,9876543),(771020,8675309),(771020,1234567),(771020,1444155),(563192,190985),(579099,9876543),(579099,9998866),(579099,6555422),(917376,6555422),(917376,5777855),(917376,190985),(917376,9998866),(280655,6555422),(162095,9876543),(162095,814034),(162095,6555422),(806086,1444155),(806086,5777855),(494240,469140),(494240,385066),(443802,1234567),(288226,469140),(288226,5777855),(276471,5777855),(276471,814034),(650397,5777855),(650397,1444155),(821558,385066),(353767,420830),(353767,814034),(353767,1234567),(522718,420830),(243240,1444155),(516873,6555422),(265866,9876543),(265866,190985),(265866,420830),(941484,814034),(941484,5777855),(968963,5777855),(968963,420830),(149384,190985),(153792,1234567),(188516,5777855),(196290,814034),(262850,6555422),(264436,420830),(284804,469140),(315043,1234567),(362644,469140),(370454,1234567),(398815,385066),(479445,8675309),(504362,190985),(670038,9998866),(719809,8675309),(778182,1444155),(837927,1444155),(891822,385066),(937844,8675309),(941084,9876543),(943183,1444155);
/*!40000 ALTER TABLE `meeting_relation` ENABLE KEYS */;
UNLOCK TABLES;

--
-- Table structure for table `meetings`
--

DROP TABLE IF EXISTS `meetings`;
/*!40101 SET @saved_cs_client     = @@character_set_client */;
/*!50503 SET character_set_client = utf8mb4 */;
CREATE TABLE `meetings` (
  `meetingID` int(11) NOT NULL,
  `projectID` int(11) NOT NULL,
  `date` date NOT NULL,
  `notes` varchar(255) CHARACTER SET utf8 DEFAULT NULL,
  PRIMARY KEY (`meetingID`),
  KEY `projectID` (`projectID`),
  CONSTRAINT `meetings_ibfk_2` FOREIGN KEY (`projectID`) REFERENCES `project` (`projectID`)
) ENGINE=InnoDB DEFAULT CHARSET=latin1;
/*!40101 SET character_set_client = @saved_cs_client */;

--
-- Dumping data for table `meetings`
--

LOCK TABLES `meetings` WRITE;
/*!40000 ALTER TABLE `meetings` DISABLE KEYS */;
INSERT INTO `meetings` VALUES (104061,4000000,'1895-12-14','bell skin broad seed farm'),(104775,2000000,'1947-11-23','soon machine ball fell cool'),(107959,3000000,'1916-12-23','rub cry search subject stood'),(111863,1000000,'1885-09-20','pound spread baby bell began'),(112292,5030000,'1992-12-18','ship live change store lost'),(112538,3000000,'1947-09-27','gone brown mark match score'),(115473,1000000,'1934-12-25','question winter smile night record'),(121201,5030000,'1949-11-19','enter human work ready dark'),(129991,2589642,'1963-12-26','our speed feet interest bad'),(137126,3000000,'1879-09-23','result stop learn brought divide'),(140208,5000000,'1925-10-20','chief poem catch meat third'),(141719,2000000,'1961-10-10','look thought this world offer'),(148186,3000000,'1970-10-19','does section snow I care'),(149024,5030000,'1945-10-15','forest soil feed boy necessary'),(149384,3000000,'1931-09-12','surface is he believe body'),(153792,5030000,'1976-12-16','ask position discuss depend jump'),(155573,4000000,'1951-09-10','soft fish hope hope division'),(155797,2000000,'1951-12-18','shell fear under even company'),(156614,5030000,'2005-09-26','cell day run saw form'),(157960,2000000,'1968-10-10','silent rain claim nine her'),(159292,4000000,'1992-10-17','never equate two they thousand'),(162095,5000000,'1931-11-25','age language occur noun tone'),(168342,5030000,'1969-10-17','include way earth next her'),(170145,1000000,'1916-11-10','teach rule lead yard reply'),(172607,2589642,'1958-10-26','cent child his rock plain'),(173458,5000000,'1893-09-16','eight group baby cross close'),(178582,1000000,'1890-10-09','print master do tall ready'),(188516,1876765,'1954-10-23','foot us third wont not'),(194222,5000000,'1961-09-22','among enough shape flow second'),(196290,5030000,'1887-09-22','general race call give soldier'),(198945,1000000,'1981-11-22','skill feel rain mass house'),(203572,1876765,'1918-09-28','require found art smell instant'),(216444,2000000,'1950-09-23','fill my when friend sing'),(216583,4000000,'2018-12-11','his find as so yard'),(218893,5030000,'2014-10-25','during late morning ran she'),(219379,5000000,'1945-09-10','search count her late repeat'),(225681,5000000,'1982-10-26','every own their doctor sand'),(226401,3000000,'1915-12-20','root history rail trouble band'),(238400,5000000,'2015-10-16','oh suit test charge those'),(242722,1876765,'1952-12-12','fire prepare ask far several'),(243240,2589632,'1935-10-20','dictionary name electric clear choose'),(245376,2000000,'2007-11-27','green women direct element always'),(250513,4000000,'2015-10-24','chair body perhaps gun select'),(250554,2589632,'1914-12-16','figure ice death radio rather'),(255356,2589632,'1992-10-10','back order grew fill require'),(262850,5030000,'2009-09-23','center put might machine science'),(264436,2589642,'1889-12-17','both gold am buy deal'),(265866,2589642,'1943-11-18','friend observe tail order this'),(276471,1876765,'1972-09-21','farm chief can practice common'),(280655,5000000,'1881-12-20','and several until planet quotient'),(281918,2589632,'2018-12-23','proper round saw industry student'),(281939,2589642,'1918-12-10','history again rock foot period'),(284804,5030000,'1991-10-10','brother trip travel way save'),(288226,5030000,'1937-09-16','dont leg some carry shore'),(290032,2589642,'1930-11-17','way necessary ocean bring meant'),(294620,4000000,'1913-12-18','true mountain break quick deep'),(301977,2589632,'1949-12-26','period wait magnet light story'),(303321,3000000,'1960-10-12','spot food call top read'),(306610,1876765,'1894-12-10','hundred afraid wire broke quotient'),(307772,2000000,'1975-11-28','note season shape dark region'),(308062,1000000,'1956-10-25','tall car valley enemy suit'),(313502,5000000,'1940-10-25','mark square laugh guide sight'),(315043,3000000,'1889-09-18','though every feel little suggest'),(321468,4000000,'1921-11-18','huge root sand most large'),(322335,2589632,'1961-09-20','green game bed else spoke'),(326779,2000000,'1984-10-25','sit bought cross true gentle'),(327697,5000000,'1969-11-09','pound fig afraid half visit'),(331537,2589642,'1891-10-15','under flow may question body'),(341071,3000000,'1948-09-14','support hit together fit play'),(349815,1876765,'1931-10-11','dog station I hair able'),(353178,2589642,'1918-10-26','well evening shore yellow famous'),(353767,1876765,'1956-12-09','ever system hole bone test'),(357308,4000000,'1986-10-26','farm noise dear weather sky'),(360423,2000000,'1973-09-22','burn mean whether basic water'),(362644,2000000,'1979-11-27','these door had spot shine'),(365387,2589642,'2018-11-10','mean soil piece allow wrong'),(366585,2589642,'1972-10-21','once able experience speech match'),(366699,1000000,'1884-12-21','take need product from answer'),(370454,1000000,'1932-10-13','learn wear boy cold touch'),(370832,5000000,'1986-12-26','round notice art press shout'),(382046,1000000,'1991-11-25','short want have mark teeth'),(383056,2000000,'1930-10-22','feet after stay meet huge'),(385717,1876765,'1892-11-13','never than ten circle until'),(394942,3000000,'2004-10-15','hard valley evening connect nose'),(398815,1876765,'2007-11-23','seed meant why chief rail'),(407953,1000000,'2001-12-28','wave spend sent else late'),(413586,4000000,'1995-11-28','fill occur crop men plant'),(414093,1876765,'1957-11-28','say school have try length'),(425095,1000000,'2015-12-13','sound sure stay color total'),(434808,2000000,'2004-09-16','blow travel necessary lot help'),(439785,4000000,'2015-11-13','pose deep huge run poem'),(443802,5030000,'1973-09-23','roll thank phrase am late'),(450621,2589632,'1945-10-26','tire die match box print'),(451888,2589632,'1947-09-22','bottom noon plain village design'),(452060,2000000,'1896-12-16','mine slip difficult camp wind'),(454429,4000000,'1906-09-24','sister major smile soft map'),(455566,2000000,'1885-10-14','story common pull operate ready'),(455723,1876765,'1899-11-21','fight color pull road require'),(457963,4000000,'1958-11-24','caught sea truck act hope'),(473611,1000000,'1988-12-14','corner observe plant gray clothe'),(479445,5000000,'1912-10-11','bat take game great provide'),(483166,3000000,'2016-12-22','oil bright north motion stick'),(484392,2000000,'1919-11-15','bird left wife skin cell'),(486488,2589632,'2006-11-27','lead direct thought earth earth'),(494240,5030000,'1974-09-22','an cut effect law necessary'),(498077,1876765,'1902-12-28','cause scale would meant or'),(504362,2589642,'1914-11-13','and straight to dry please'),(513770,3000000,'1898-10-23','log produce wide gray right'),(514654,3000000,'1970-12-12','must copy experiment stretch fear'),(516873,2589632,'1993-11-25','branch cut wing quick glass'),(522718,2589632,'1923-10-14','fit wife ready thank smell'),(531579,3000000,'1905-09-24','count depend force iron wont'),(535931,1000000,'1980-10-15','gone listen shall story lie'),(543947,1876765,'2013-09-17','score apple such their separate'),(550918,2589642,'1929-12-17','story particular year ever winter'),(553390,2589642,'1954-09-09','grass reply hundred serve family'),(555119,3000000,'1948-12-14','teeth six quart large steam'),(555493,1000000,'1945-10-20','spoke wheel differ sugar gather'),(557755,2589632,'1934-09-12','wing time pose score radio'),(557826,1000000,'1963-10-17','write hear drive person lift'),(562061,2000000,'2004-12-17','that season store or animal'),(563192,4000000,'1962-11-13','told steel eat heat half'),(563358,2589632,'1914-09-20','fact drive speech very not'),(563481,2589632,'1991-11-26','probable enter corn son total'),(570687,1876765,'1989-11-27','right truck crease human stand'),(573816,2000000,'1924-10-14','pound pick subtract push dear'),(575316,5000000,'1913-10-15','them position populate vary keep'),(579099,4000000,'1885-09-21','talk sand hard store several'),(626825,5030000,'2018-10-20','hard bad how spot fraction'),(627448,2589632,'1903-10-13','snow verb show got caught'),(637475,1000000,'1913-10-28','very energy found fear possible'),(642597,5030000,'2020-10-24','gave six round shell copy'),(648798,3000000,'1919-09-18','repeat plan nothing plural bottom'),(650397,1876765,'1931-11-11','meat rock side thin both'),(650967,4000000,'1924-11-23','which degree told free favor'),(670038,1876765,'1882-11-22','fear men gentle born charge'),(676509,2589642,'1982-12-17','segment imagine north knew steam'),(680489,1876765,'1992-09-21','bit name though table south'),(681589,3000000,'1941-11-26','land back war gentle person'),(704971,5000000,'1892-11-21','score travel cost flow cow'),(716978,2589642,'1941-12-21','stream fly deal cover child'),(719809,1000000,'1961-10-15','shape love wrong came section'),(720829,5030000,'1999-10-15','been finish hill drop island'),(729911,5030000,'2000-11-22','was drink chance pitch very'),(734745,1876765,'2006-12-16','dad these melody able saw'),(736433,5030000,'1928-11-21','speed bell flower story slave'),(740600,2000000,'2017-09-22','instrument create catch afraid win'),(740836,1000000,'1930-11-27','mile straight idea deal three'),(743538,5030000,'1990-10-16','fire push soldier hard voice'),(746111,1000000,'1886-12-20','deep not company sudden type'),(755853,2000000,'1925-09-24','not stone it group range'),(768409,2589642,'1879-09-24','ease provide floor enough wind'),(771020,4000000,'1932-09-17','from soldier middle tiny brought'),(771487,2589632,'1986-10-28','silent wash well drop man'),(775741,5000000,'1964-09-21','some hit stay feed grew'),(778098,2589632,'1940-10-09','hope steel grow window off'),(778182,2000000,'1898-09-09','listen sense wrote person column'),(778542,1000000,'1952-12-09','drive cold press led glad'),(778845,2589642,'1976-09-09','moon result were radio sense'),(783763,4000000,'2019-12-19','carry hole need branch may'),(793259,5030000,'1990-10-11','object knew dog yes insect'),(795343,3000000,'1888-11-10','done piece slip person little'),(798876,5000000,'1963-09-18','colony thus agree through nation'),(800417,3000000,'1979-10-25','point mile boat wall tell'),(801576,5000000,'1945-11-23','develop street say new dark'),(801625,2589632,'1930-10-28','motion captain bar deal favor'),(801741,2589632,'1970-09-27','same behind captain few dead'),(806086,5000000,'1995-12-23','indicate point over type watch'),(810900,1876765,'1880-09-18','early control nature note wish'),(811656,1876765,'1912-12-12','fat not soon person turn'),(818348,2589642,'1957-11-20','slave open cry instant measure'),(818976,4000000,'1984-10-14','govern know example seat join'),(821558,1876765,'1886-11-28','silent why indicate fair you'),(822586,1876765,'1931-09-20','direct store gold office ten'),(825058,2589642,'1944-12-15','flow oxygen quart many shine'),(828145,5000000,'1914-11-17','race family desert sky brought'),(828849,4000000,'1990-10-28','total provide behind stretch valley'),(832209,2000000,'1923-11-27','root round is motion get'),(837927,5000000,'1928-11-15','rich sing strong sell allow'),(854697,2589632,'1891-09-24','color field third mountain chief'),(854866,4000000,'1919-10-10','lay earth sight spread art'),(857093,2589632,'1964-12-27','sign flow small stood very'),(867688,1000000,'1938-10-18','silver parent sky not toward'),(874359,2589632,'1907-09-12','rose past ran ride original'),(874968,5030000,'2008-11-25','build expect pattern child she'),(876075,1000000,'1922-09-10','if wrote thought them sister'),(888344,5030000,'1966-09-15','more art that sea start'),(891530,3000000,'1998-09-11','fly come little same ready'),(891822,4000000,'1963-12-21','gas end to center repeat'),(892935,4000000,'1886-12-20','tree next though prove rail'),(896878,5030000,'1958-09-12','original child gather sharp horse'),(899395,1876765,'1882-10-28','plural her milk close ship'),(906308,4000000,'2008-11-18','which ride collect need idea'),(910323,5000000,'2017-09-19','quite shore serve master dance'),(912674,2000000,'1949-09-26','often least beat hit forward'),(913233,2000000,'1904-12-13','slip sat straight region guide'),(915576,1876765,'2000-09-14','ice point vary other close'),(917376,5000000,'1903-09-27','food space I hear hair'),(917570,1000000,'1907-09-20','of thin wonder take wood'),(918633,5000000,'1913-10-23','line sure major burn less'),(924913,4000000,'1948-11-19','much count group jump distant'),(932135,5030000,'1910-10-14','middle rest charge paint person'),(933460,5030000,'1987-09-14','hour snow appear step root'),(934842,5000000,'1897-12-10','boat space kept best too'),(936257,2589642,'1995-11-10','nature age year chart imagine'),(937844,2589642,'1957-12-26','probable mount mean could city'),(941084,1000000,'1889-12-10','caught use total flow fell'),(941484,2589642,'1916-11-18','have than island glass a'),(941844,3000000,'2006-10-19','success hole yard two clean'),(943183,2000000,'1885-12-28','talk sugar often live continue'),(953268,1000000,'1914-09-26','compare bear line fly ear'),(954181,3000000,'1990-12-10','duck ran art eye common'),(964510,3000000,'1995-10-27','four head point done middle'),(968899,4000000,'1993-09-23','want give one require cry'),(968963,2589642,'1906-10-27','student red girl did bottom'),(969403,5000000,'1940-11-18','ball food liquid finger any'),(971817,2589642,'1982-12-19','desert light sense neighbor map'),(977549,2589632,'1883-10-16','high speech range mind raise'),(978942,2589632,'1952-12-28','poem indicate effect difficult wave'),(979536,2589642,'1995-09-12','about finish space type fall'),(983657,2589632,'2017-10-20','group rose save fit solve'),(992354,3000000,'2014-11-27','forest why soldier job boat'),(992740,1876765,'1887-11-16','until remember wing poem object'),(999583,2000000,'1958-11-16','salt food neck instrument behind'),(999631,3000000,'1967-10-20','question dictionary track told all');
/*!40000 ALTER TABLE `meetings` ENABLE KEYS */;
UNLOCK TABLES;

--
-- Table structure for table `project`
--

DROP TABLE IF EXISTS `project`;
/*!40101 SET @saved_cs_client     = @@character_set_client */;
/*!50503 SET character_set_client = utf8mb4 */;
CREATE TABLE `project` (
  `projectID` int(11) NOT NULL,
  `projectLead` int(11) NOT NULL,
  `deptID` int(11) NOT NULL,
  `timeTotal` int(11) NOT NULL,
  `title` varchar(50) CHARACTER SET utf8 NOT NULL,
  `overview` varchar(255) CHARACTER SET utf8 NOT NULL,
  `startDate` date NOT NULL,
  `finDate` date NOT NULL,
  `estTime` int(11) NOT NULL,
  `status` varchar(50) CHARACTER SET utf8 NOT NULL,
  `budget` decimal(6,2) NOT NULL,
  `current_balance` decimal(6,2) NOT NULL,
  PRIMARY KEY (`projectID`),
  KEY `deptID` (`deptID`),
  KEY `projectLead` (`projectLead`),
  CONSTRAINT `project_ibfk_3` FOREIGN KEY (`deptID`) REFERENCES `department` (`deptID`),
  CONSTRAINT `project_ibfk_5` FOREIGN KEY (`projectLead`) REFERENCES `employee` (`empID`) ON DELETE CASCADE
) ENGINE=InnoDB DEFAULT CHARSET=latin1;
/*!40101 SET character_set_client = @saved_cs_client */;

--
-- Dumping data for table `project`
--

LOCK TABLES `project` WRITE;
/*!40000 ALTER TABLE `project` DISABLE KEYS */;
INSERT INTO `project` VALUES (1000000,1234567,2799,365,'Stardust Crusaders','Save Holly and get star platinum','1989-01-01','1990-01-01',365,'OPEN',9999.99,7756.99),(1876765,8675309,2601,40,'new project','test','2020-04-14','2020-04-30',40,'OPEN',9999.99,8958.99),(2000000,6541234,2601,365,'Battle Tendency','stop pillarmen','1938-01-01','1940-01-01',365,'CLOSED',9999.99,8848.99),(2589632,6541234,2601,20,'test','test','1000-01-01','1880-01-01',30,'OPEN',100.00,0.00),(2589642,6541234,2601,30,'test again','','1880-01-01','2000-01-01',30,'OPEN',100.00,0.00),(3000000,9876543,3129,365,'Phantom Blood','kill Dio','1880-01-01','1881-01-01',365,'OPEN',800.00,-1396.00),(4000000,8675309,2799,365,'Jenna asked me 2','Make tasts','2020-04-12','2020-04-30',365,'OPEN',1927.00,731.00),(5000000,1122334,3129,365,'Trigger the DB','Trigger it lol','2020-04-17','2020-04-19',30,'OPEN',9999.99,8865.99),(5030000,1122334,3129,365,'Trigger the DB again','Trigger it lol','2020-04-17','2020-04-19',30,'OPEN',100.00,-1939.00);
/*!40000 ALTER TABLE `project` ENABLE KEYS */;
UNLOCK TABLES;

--
-- Table structure for table `project_relation`
--

DROP TABLE IF EXISTS `project_relation`;
/*!40101 SET @saved_cs_client     = @@character_set_client */;
/*!50503 SET character_set_client = utf8mb4 */;
CREATE TABLE `project_relation` (
  `projectID` int(11) NOT NULL,
  `empID` int(11) NOT NULL,
  KEY `project_relation_ibfk_1` (`projectID`),
  CONSTRAINT `project_relation_ibfk_1` FOREIGN KEY (`projectID`) REFERENCES `project` (`projectID`) ON DELETE CASCADE ON UPDATE CASCADE
) ENGINE=InnoDB DEFAULT CHARSET=latin1;
/*!40101 SET character_set_client = @saved_cs_client */;

--
-- Dumping data for table `project_relation`
--

LOCK TABLES `project_relation` WRITE;
/*!40000 ALTER TABLE `project_relation` DISABLE KEYS */;
INSERT INTO `project_relation` VALUES (1000000,1234567),(1000000,6555422),(1000000,1444155),(1000000,9998855),(2000000,9876543),(3000000,9876543),(4000000,4201024),(1000000,420830),(1000000,469140),(1000000,814034),(2000000,420830),(2000000,8675309),(2000000,1444155),(2000000,6555422),(3000000,8675309),(3000000,469140),(3000000,1234567),(3000000,9998866),(4000000,6541234),(4000000,5777855),(5000000,420830),(5000000,1444155),(5000000,9876543),(5030000,6541234),(5030000,190985),(1876765,814034),(1876765,6541234),(1876765,469140),(2589632,420830),(2589632,9876543),(2589632,814034),(2589642,469140),(2589642,190985),(2589642,9876543),(2589642,814034),(5030000,469140),(2000000,9998855),(2000000,5777855);
/*!40000 ALTER TABLE `project_relation` ENABLE KEYS */;
UNLOCK TABLES;

--
-- Table structure for table `task`
--

DROP TABLE IF EXISTS `task`;
/*!40101 SET @saved_cs_client     = @@character_set_client */;
/*!50503 SET character_set_client = utf8mb4 */;
CREATE TABLE `task` (
  `taskID` int(11) NOT NULL,
  `empID` int(11) NOT NULL,
  `projectID` int(11) NOT NULL,
  `title` varchar(50) CHARACTER SET utf8 NOT NULL,
  `overview` varchar(255) CHARACTER SET utf8 NOT NULL,
  `startDate` date NOT NULL,
  `finDate` date NOT NULL,
  `estTime` int(11) NOT NULL,
  `totalTime` int(11) NOT NULL,
  `tags` varchar(50) CHARACTER SET utf8 DEFAULT NULL,
  `status` varchar(50) CHARACTER SET utf8 NOT NULL,
  PRIMARY KEY (`taskID`),
  KEY `empID` (`empID`),
  KEY `projectID` (`projectID`),
  CONSTRAINT `task_ibfk_2` FOREIGN KEY (`empID`) REFERENCES `employee` (`empID`) ON DELETE CASCADE,
  CONSTRAINT `task_ibfk_3` FOREIGN KEY (`projectID`) REFERENCES `project` (`projectID`) ON DELETE CASCADE
) ENGINE=InnoDB DEFAULT CHARSET=latin1;
/*!40101 SET character_set_client = @saved_cs_client */;

--
-- Dumping data for table `task`
--

LOCK TABLES `task` WRITE;
/*!40000 ALTER TABLE `task` DISABLE KEYS */;
INSERT INTO `task` VALUES (41872,8675309,4000000,'HappyBirthdayMom','ItsAPieceOfCakeToBakeAPrettyCake','2020-04-10','2020-04-18',8,9,'','OPEN'),(100343,1444155,5000000,'Rohan','root toward farm','2020-01-01','2020-12-12',95,100,'','OPEN'),(121635,1444155,5030000,'Coleman','skill sure ease','2020-01-01','2020-12-12',16,49,'','OPEN'),(123399,8675309,2000000,'Matthew','piece require cow','2020-01-01','2020-12-12',52,0,'','OPEN'),(123671,1444155,1000000,'Malik','night send once','2020-01-01','2020-12-12',35,87,'','OPEN'),(125136,1234567,2589642,'Roy','found lead fire','2020-01-01','2020-12-12',34,69,'','OPEN'),(125875,6541234,3000000,'Grayson','quart since million','2020-01-01','2020-12-12',94,75,'','OPEN'),(128021,190985,2589642,'Lamar','score vary chick','2020-01-01','2020-12-12',76,92,'','OPEN'),(137190,1444155,2589642,'Matteo','appear sleep kind','2020-01-01','2020-12-12',76,78,'','OPEN'),(138754,469140,4000000,'Moises','least round subtract','2020-01-01','2020-12-12',24,29,'','OPEN'),(142170,6541234,2589642,'Ezequiel','deep coat whose','2020-01-01','2020-12-12',74,21,'','OPEN'),(143428,9998866,2589632,'Kellan','bring separate ride','2020-01-01','2020-12-12',74,68,'','OPEN'),(143666,814034,2589632,'Denver','your nature red','2020-01-01','2020-12-12',9,46,'','OPEN'),(146313,8675309,2000000,'Austin','little captain spoke','2020-01-01','2020-12-12',35,13,'','OPEN'),(147780,1234567,1000000,'JotaroD1','Beat up a stranger','1989-01-01','1990-01-01',1,1,'this works? wow','WIP'),(152199,5777855,2000000,'Jackson','letter book pick','2020-01-01','2020-12-12',23,74,'','OPEN'),(153860,1234567,5000000,'Reese','shoulder help among','2020-01-01','2020-12-12',53,27,'','OPEN'),(160158,1444155,2589642,'Kaden','each little I','2020-01-01','2020-12-12',34,1,'','OPEN'),(164820,9998866,2589632,'Kayson','play white power','2020-01-01','2020-12-12',80,92,'','OPEN'),(169078,5777855,4000000,'Mayson','practice us describe','2020-01-01','2020-12-12',67,11,'','OPEN'),(174325,5777855,2000000,'Russell','whole area loud','2020-01-01','2020-12-12',58,69,'','OPEN'),(174866,5777855,5000000,'Henrik','tool about fly','2020-01-01','2020-12-12',71,55,'','OPEN'),(186913,9876543,1000000,'Foster','then shout level','2020-01-01','2020-12-12',33,50,'','OPEN'),(193252,6541234,5030000,'Amare','head lost example','2020-01-01','2020-12-12',68,48,'','OPEN'),(197728,469140,5030000,'Kaysen','arm engine other','2020-01-01','2020-12-12',41,70,'','OPEN'),(208368,469140,1876765,'Agustin','segment sleep short','2020-01-01','2020-12-12',6,94,'','OPEN'),(217170,6555422,1876765,'Joey','put planet consider','2020-01-01','2020-12-12',58,17,'','OPEN'),(218147,385066,5030000,'Carlos','direct been exercise','2020-01-01','2020-12-12',81,82,'','OPEN'),(218759,814034,2589642,'Nixon','machine new close','2020-01-01','2020-12-12',91,43,'','OPEN'),(218899,6541234,1876765,'Marquis','heard mother red','2020-01-01','2020-12-12',34,28,'','OPEN'),(220801,814034,1000000,'Muhammad','season hunt swim','2020-01-01','2020-12-12',71,55,'','OPEN'),(222733,6555422,1000000,'Charlie','main street finger','2020-01-01','2020-12-12',44,17,'','OPEN'),(238067,469140,1876765,'Thatcher','woman lie quite','2020-01-01','2020-12-12',80,95,'','OPEN'),(240398,8675309,2589632,'Izaiah','bone matter rain','2020-01-01','2020-12-12',63,59,'','OPEN'),(241434,9876543,4000000,'Jordy','draw machine begin','2020-01-01','2020-12-12',63,79,'','OPEN'),(243864,6555422,5000000,'Karim','stick watch solve','2020-01-01','2020-12-12',90,19,'','OPEN'),(243976,814034,1876765,'Kamden','game rope close','2020-01-01','2020-12-12',99,41,'','OPEN'),(249324,469140,5000000,'Eric','add heard children','2020-01-01','2020-12-12',31,85,'','OPEN'),(264642,1444155,5000000,'Misael','arrange middle finger','2020-01-01','2020-12-12',56,76,'','OPEN'),(265867,6541234,1876765,'Joshua','note decide station','2020-01-01','2020-12-12',83,6,'','OPEN'),(267330,814034,2000000,'Eddie','move ship wear','2020-01-01','2020-12-12',45,68,'','OPEN'),(275237,420830,2589642,'Cooper','food paper hour','2020-01-01','2020-12-12',48,41,'','OPEN'),(275493,1444155,5000000,'Brody','heart opposite catch','2020-01-01','2020-12-12',60,40,'','OPEN'),(276986,9998866,5000000,'Alfonso','fire material got','2020-01-01','2020-12-12',40,8,'','OPEN'),(281647,469140,2589642,'Aidan','animal soon happen','2020-01-01','2020-12-12',78,56,'','OPEN'),(285243,814034,1876765,'Lawson','please offer fact','2020-01-01','2020-12-12',68,41,'','OPEN'),(299282,9998866,5000000,'Jakob','order interest page','2020-01-01','2020-12-12',21,39,'','OPEN'),(300244,814034,2589632,'Alvin','condition eat except','2020-01-01','2020-12-12',72,6,'','OPEN'),(303753,420830,5030000,'Mark','mountain some trouble','2020-01-01','2020-12-12',74,39,'','OPEN'),(305021,1444155,1000000,'DioPt2D2','Make Child With Jonathan’s Body','1989-01-01','1990-01-01',1,1,'aye it works!','WIP'),(305041,6555422,2589632,'Kasen','blue pass between','2020-01-01','2020-12-12',75,70,'','OPEN'),(305295,814034,2000000,'Dennis','like term column','2020-01-01','2020-12-12',93,72,'','OPEN'),(305514,1234567,1000000,'fafa','henlo','2020-03-12','0000-00-00',5,5,'','OPEN'),(323063,8675309,2589632,'Warren','design this ring','2020-01-01','2020-12-12',4,17,'','OPEN'),(324908,1444155,1876765,'Kyle','group drop gas','2020-01-01','2020-12-12',84,61,'','OPEN'),(327915,6555422,2589632,'Mathias','no wire ring','2020-01-01','2020-12-12',42,3,'','OPEN'),(327984,469140,2589632,'Alexzander','lead through while','2020-01-01','2020-12-12',97,20,'','OPEN'),(329812,5777855,1000000,'Amari','class has once','2020-01-01','2020-12-12',65,51,'','OPEN'),(334467,8675309,1876765,'Daxton','why success felt','2020-01-01','2020-12-12',65,49,'','OPEN'),(335473,469140,5030000,'Stephen','offer town gun','2020-01-01','2020-12-12',62,9,'','OPEN'),(338001,8675309,4000000,'JennasThing','Procrastinate','2020-04-10','2020-04-16',6,9,'','OPEN'),(338002,8675309,4000000,'JennasOtherThing','UhOhGottaDoIt','2020-04-10','2020-04-17',7,9,'','OPEN'),(344644,6555422,5030000,'Brixton','when arm hat','2020-01-01','2020-12-12',56,98,'','OPEN'),(363818,1234567,2589642,'Quentin','stone deep repeat','2020-01-01','2020-12-12',90,93,'','OPEN'),(367323,814034,1000000,'Anton','follow river please','2020-01-01','2020-12-12',48,81,'','OPEN'),(373519,190985,3000000,'Gunnar','I possible from','2020-01-01','2020-12-12',23,25,'','OPEN'),(388594,6541234,1876765,'Brody','tube insect contain','2020-01-01','2020-12-12',91,100,'','OPEN'),(400423,1444155,3000000,'DioD1','Bully Jonathan','1880-01-01','1881-01-01',3500,7000,'','OPEN'),(401795,6541234,1876765,'Elijah','contain follow care','2020-01-01','2020-12-12',4,64,'','OPEN'),(407406,9876543,5030000,'Tripp','fact team share','2020-01-01','2020-12-12',65,91,'','OPEN'),(413433,385066,5000000,'Shawn','operate push lift','2020-01-01','2020-12-12',2,80,'','OPEN'),(421088,5777855,5030000,'Nasir','hour mind wish','2020-01-01','2020-12-12',54,63,'','OPEN'),(422023,190985,3000000,'Noah','count music sea','2020-01-01','2020-12-12',11,5,'','OPEN'),(424573,814034,1876765,'Eugene','inch position short','2020-01-01','2020-12-12',52,23,'','OPEN'),(453689,190985,2000000,'Malik','expect paragraph wear','2020-01-01','2020-12-12',61,86,'','OPEN'),(454412,9998866,2589632,'Bentley','drive idea develop','2020-01-01','2020-12-12',76,83,'','OPEN'),(460100,8675309,2589632,'Stanley','wing great near','2020-01-01','2020-12-12',33,66,'','OPEN'),(460361,1444155,2000000,'Marcus','baby pound share','2020-01-01','2020-12-12',87,28,'','OPEN'),(465930,1234567,2000000,'Zayne','record bat better','2020-01-01','2020-12-12',24,70,'','OPEN'),(466461,6555422,3000000,'Cullen','neighbor track offer','2020-01-01','2020-12-12',99,41,'','OPEN'),(467465,5777855,1876765,'Nasir','numeral team kill','2020-01-01','2020-12-12',24,36,'','OPEN'),(473447,814034,5030000,'Tyler','much to die','2020-01-01','2020-12-12',3,21,'','OPEN'),(486299,420830,2589642,'Armani','soon stick job','2020-01-01','2020-12-12',41,5,'','OPEN'),(495676,1234567,2000000,'Ari','train this of','2020-01-01','2020-12-12',1,23,'','OPEN'),(496825,9876543,5030000,'Keith','gold able come','2020-01-01','2020-12-12',69,5,'','OPEN'),(499437,9876543,4000000,'Ford','farm more horse','2020-01-01','2020-12-12',93,75,'','OPEN'),(500855,385066,5030000,'Thomas','behind high dream','2020-01-01','2020-12-12',56,86,'','OPEN'),(501413,1234567,1876765,'Caleb','garden condition middle','2020-01-01','2020-12-12',49,45,'','OPEN'),(505299,814034,2589642,'Kaden','happy radio receive','2020-01-01','2020-12-12',48,2,'','OPEN'),(514301,1234567,5030000,'Joe','consider foot spread','2020-01-01','2020-12-12',35,42,'','OPEN'),(522744,814034,3000000,'Landry','nose small south','2020-01-01','2020-12-12',60,31,'','OPEN'),(524609,8675309,1000000,'Shane','final order method','2020-01-01','2020-12-12',5,9,'','OPEN'),(524927,420830,5030000,'Kashton','self colony wrote','2020-01-01','2020-12-12',11,19,'','OPEN'),(525574,6555422,3000000,'Paul','early look much','2020-01-01','2020-12-12',1,18,'','OPEN'),(528463,1444155,5000000,'Joel','mark believe answer','2020-01-01','2020-12-12',4,4,'','OPEN'),(529496,190985,2589632,'Davis','interest triangle shore','2020-01-01','2020-12-12',50,53,'','OPEN'),(533193,8675309,2589632,'Henrik','summer run distant','2020-01-01','2020-12-12',21,93,'','OPEN'),(535851,1444155,2589642,'Lionel','collect company room','2020-01-01','2020-12-12',64,88,'','OPEN'),(537237,190985,5000000,'Westley','such fast world','2020-01-01','2020-12-12',53,15,'','OPEN'),(538698,814034,2589642,'Colt','strange stop joy','2020-01-01','2020-12-12',65,34,'','OPEN'),(546793,385066,5030000,'Rodney','corner rock five','2020-01-01','2020-12-12',71,74,'','OPEN'),(552589,385066,5000000,'Valentin','sat copy find','2020-01-01','2020-12-12',58,18,'','OPEN'),(560678,1234567,2589632,'Johan','led poem children','2020-01-01','2020-12-12',36,28,'','OPEN'),(565710,8675309,2589642,'Taylor','join him note','2020-01-01','2020-12-12',11,39,'','OPEN'),(565727,9876543,3000000,'Armani','level unit special','2020-01-01','2020-12-12',98,80,'','OPEN'),(569292,5777855,3000000,'Keagan','experiment test song','2020-01-01','2020-12-12',44,39,'','OPEN'),(573052,8675309,2589642,'Uriah','ear am motion','2020-01-01','2020-12-12',87,67,'','OPEN'),(577090,190985,5030000,'Julius','history small travel','2020-01-01','2020-12-12',53,94,'','OPEN'),(578710,1234567,1000000,'e333','Enter text here...','2020-03-12','0000-00-00',5,33,'','WIP'),(579022,814034,1000000,'Rowen','once carry lake','2020-01-01','2020-12-12',9,14,'','OPEN'),(584688,1234567,5000000,'Keith','high except anger','2020-01-01','2020-12-12',28,8,'','OPEN'),(585162,6541234,2589632,'Braylen','pull cell draw','2020-01-01','2020-12-12',23,80,'','OPEN'),(590642,5777855,1000000,'Colten','view end edge','2020-01-01','2020-12-12',15,52,'','OPEN'),(594615,469140,5030000,'Giancarlo','round lake my','2020-01-01','2020-12-12',87,28,'','OPEN'),(598281,814034,5000000,'Francis','field raise seed','2020-01-01','2020-12-12',57,94,'','OPEN'),(602416,6541234,2589632,'Corbin','sight led square','2020-01-01','2020-12-12',33,100,'','OPEN'),(604201,1444155,2000000,'Lorenzo','equal on cook','2020-01-01','2020-12-12',54,62,'','OPEN'),(605296,5777855,2589632,'Marcel','rock than prove','2020-01-01','2020-12-12',65,13,'','OPEN'),(606383,5777855,4000000,'Mikael','block bought through','2020-01-01','2020-12-12',71,87,'','OPEN'),(607226,420830,2589642,'Bentlee','area saw chart','2020-01-01','2020-12-12',63,1,'','OPEN'),(607878,1444155,1000000,'Oakley','stick claim metal','2020-01-01','2020-12-12',21,62,'','OPEN'),(611880,190985,5000000,'Conrad','made soldier silent','2020-01-01','2020-12-12',33,97,'','OPEN'),(618402,469140,2589632,'Ronald','require suit so','2020-01-01','2020-12-12',61,30,'','OPEN'),(626692,1444155,1000000,'Walter','and those through','2020-01-01','2020-12-12',53,38,'','OPEN'),(628677,814034,5030000,'Cairo','tool point milk','2020-01-01','2020-12-12',24,53,'','OPEN'),(636440,1444155,2589632,'Emmitt','long event tell','2020-01-01','2020-12-12',6,47,'','OPEN'),(637260,1234567,2000000,'test','test','0000-00-00','0000-00-00',5,5,'test','OPEN'),(637485,6541234,5030000,'William','grew kept drive','2020-01-01','2020-12-12',95,49,'','OPEN'),(639805,1444155,1876765,'Graysen','cover feed field','2020-01-01','2020-12-12',20,85,'','OPEN'),(641837,5777855,2589632,'Nikolas','temperature sugar sit','2020-01-01','2020-12-12',84,66,'','OPEN'),(643629,5777855,2589632,'Landen','and gentle blue','2020-01-01','2020-12-12',0,73,'','OPEN'),(643865,1444155,1000000,'DioPt2D3','Kill Joestar Bloodline','1989-01-01','1990-01-01',1,2147483647,'hamon','BLOCKED'),(645722,9998866,2589632,'Camilo','mass than band','2020-01-01','2020-12-12',15,35,'','OPEN'),(649996,9998866,2589632,'Abdiel','half down match','2020-01-01','2020-12-12',87,9,'','OPEN'),(654877,9998866,5030000,'Bennett','kill measure rose','2020-01-01','2020-12-12',51,95,'','OPEN'),(661052,814034,5000000,'Magnus','age these bottom','2020-01-01','2020-12-12',76,56,'','OPEN'),(661886,6555422,5030000,'Quentin','enemy school mountain','2020-01-01','2020-12-12',56,65,'','OPEN'),(662133,814034,5030000,'Brayan','dog chart earth','2020-01-01','2020-12-12',16,4,'','OPEN'),(669650,8675309,1876765,'Philip','effect again with','2020-01-01','2020-12-12',38,57,'','OPEN'),(673316,8675309,3000000,'Ridge','real wrote company','2020-01-01','2020-12-12',17,95,'','OPEN'),(680110,814034,2589632,'Maximiliano','best division drop','2020-01-01','2020-12-12',84,16,'','OPEN'),(687479,9876543,3000000,'Drew','lost master do','2020-01-01','2020-12-12',8,54,'','OPEN'),(687945,9876543,2000000,'Miller','speech melody huge','2020-01-01','2020-12-12',84,83,'','OPEN'),(694254,814034,5000000,'Jayce','early wire late','2020-01-01','2020-12-12',0,75,'','OPEN'),(702880,1444155,5000000,'Reginald','fight break that','2020-01-01','2020-12-12',17,41,'','OPEN'),(703369,8675309,2589632,'Huxley','tie want animal','2020-01-01','2020-12-12',0,29,'','OPEN'),(705349,814034,5000000,'Orion','give week side','2020-01-01','2020-12-12',61,90,'','OPEN'),(706022,469140,2589642,'Micheal','feel dress opposite','2020-01-01','2020-12-12',52,59,'','OPEN'),(707738,9998866,2589642,'Elias','snow once choose','2020-01-01','2020-12-12',1,55,'','OPEN'),(708263,469140,5000000,'Brentley','experience finger wing','2020-01-01','2020-12-12',46,26,'','OPEN'),(712001,469140,5030000,'Cayson','chord green if','2020-01-01','2020-12-12',10,5,'','OPEN'),(714175,1444155,1876765,'Corey','necessary gentle like','2020-01-01','2020-12-12',64,2,'','OPEN'),(716529,469140,3000000,'Dax','corner solution six','2020-01-01','2020-12-12',70,21,'','OPEN'),(717235,6541234,1000000,'OldJosephD2','Save Holly','1989-01-01','1990-01-01',4000,8000,'','OPEN'),(717730,6555422,5000000,'Cullen','believe slow carry','2020-01-01','2020-12-12',85,19,'','OPEN'),(718600,9876543,1000000,'Judah','oh hot fear','2020-01-01','2020-12-12',28,20,'','OPEN'),(720025,5777855,2589642,'Terry','event truck wife','2020-01-01','2020-12-12',10,28,'','OPEN'),(723400,5777855,2589642,'Brendan','modern shout paper','2020-01-01','2020-12-12',54,67,'','OPEN'),(725116,190985,3000000,'Talon','type cloud island','2020-01-01','2020-12-12',41,19,'','OPEN'),(727218,1444155,3000000,'Sylas','trade slave mount','2020-01-01','2020-12-12',74,89,'','OPEN'),(732014,8675309,5000000,'Malik','child garden separate','2020-01-01','2020-12-12',5,33,'','OPEN'),(734091,9998866,2589642,'Stefan','cotton tail person','2020-01-01','2020-12-12',45,79,'','OPEN'),(741328,190985,5030000,'Travis','each effect invent','2020-01-01','2020-12-12',88,26,'','OPEN'),(744594,9876543,2589642,'Jefferson','like level children','2020-01-01','2020-12-12',47,16,'','OPEN'),(745054,6555422,1876765,'Ryker','since man dad','2020-01-01','2020-12-12',71,50,'','OPEN'),(750048,9876543,2589642,'Jensen','life found done','2020-01-01','2020-12-12',27,95,'','OPEN'),(754358,814034,3000000,'Landon','let open cook','2020-01-01','2020-12-12',52,81,'','OPEN'),(755630,420830,2589642,'Rodney','truck most say','2020-01-01','2020-12-12',21,7,'','OPEN'),(757611,5777855,2589642,'Santino','wide change cow','2020-01-01','2020-12-12',31,18,'','OPEN'),(764418,8675309,5000000,'Jabari','opposite discuss spread','2020-01-01','2020-12-12',52,70,'','OPEN'),(766794,469140,5030000,'Clark','section feet instant','2020-01-01','2020-12-12',95,75,'','OPEN'),(769063,1234567,5000000,'Allen','wind men area','2020-01-01','2020-12-12',27,15,'','OPEN'),(773426,6555422,2000000,'Devin','company moon valley','2020-01-01','2020-12-12',49,51,'','OPEN'),(779458,9876543,2000000,'Cameron','atom sugar wish','2020-01-01','2020-12-12',11,4,'','OPEN'),(779837,9876543,2000000,'Brody','crop supply particular','2020-01-01','2020-12-12',98,70,'','OPEN'),(790179,1444155,1000000,'Creed','milk must necessary','2020-01-01','2020-12-12',33,45,'','OPEN'),(793914,814034,5000000,'Brayson','cost we language','2020-01-01','2020-12-12',70,19,'','OPEN'),(797054,5777855,5030000,'Elliot','allow evening I','2020-01-01','2020-12-12',98,83,'','OPEN'),(799024,1444155,1876765,'Kamdyn','coast dont hour','2020-01-01','2020-12-12',88,84,'','OPEN'),(799619,1444155,3000000,'DioD3','Become Vampire','1880-01-01','1881-01-01',1,1,'','OPEN'),(803440,814034,2589632,'Benson','with women stream','2020-01-01','2020-12-12',91,82,'','OPEN'),(803890,9998866,2589642,'Ray','father age young','2020-01-01','2020-12-12',37,71,'','OPEN'),(808914,814034,2589632,'Taylor','kill especially possible','2020-01-01','2020-12-12',73,80,'','OPEN'),(808928,385066,5000000,'Conner','clothe friend dear','2020-01-01','2020-12-12',64,96,'','OPEN'),(813984,469140,2589642,'Jonas','mark does object','2020-01-01','2020-12-12',62,81,'','OPEN'),(814959,6555422,1000000,'Emmitt','run doctor charge','2020-01-01','2020-12-12',43,77,'','OPEN'),(826324,420830,5000000,'Hayes','which second ice','2020-01-01','2020-12-12',53,2,'','OPEN'),(826956,814034,2589632,'Holden','learn condition fun','2020-01-01','2020-12-12',0,55,'','OPEN'),(828251,814034,2589632,'Tomas','green dad next','2020-01-01','2020-12-12',4,70,'','OPEN'),(832530,1234567,4000000,'Jonas','knew chord present','2020-01-01','2020-12-12',97,63,'','OPEN'),(834801,8675309,5000000,'Sean','half she bank','2020-01-01','2020-12-12',27,77,'','OPEN'),(838415,190985,4000000,'Rayden','sea hurry consonant','2020-01-01','2020-12-12',7,8,'','OPEN'),(840033,420830,2589632,'Turner','hole million hot','2020-01-01','2020-12-12',92,75,'','OPEN'),(844031,9876543,1000000,'Bentley','again allow race','2020-01-01','2020-12-12',64,10,'','OPEN'),(848525,1444155,2589642,'Keegan','slow as told','2020-01-01','2020-12-12',13,58,'','OPEN'),(857586,190985,1000000,'Francis','continue nor trade','2020-01-01','2020-12-12',88,39,'','OPEN'),(862241,814034,5030000,'Benson','temperature teeth half','2020-01-01','2020-12-12',69,96,'','OPEN'),(893854,6541234,1000000,'OldJosephD3','Ruin Marriage','1989-01-01','1990-01-01',1,1,'','OPEN'),(893905,814034,2589642,'Dustin','flower planet doctor','2020-01-01','2020-12-12',38,77,'','OPEN'),(897410,469140,5000000,'Korbin','finger paper quite','2020-01-01','2020-12-12',65,5,'','OPEN'),(898518,8675309,1876765,'Stefan','about press crease','2020-01-01','2020-12-12',58,27,'','OPEN'),(898977,1444155,5030000,'Drew','pretty surface water','2020-01-01','2020-12-12',44,15,'','OPEN'),(902190,6555422,2000000,'Eddie','word glad light','2020-01-01','2020-12-12',87,46,'','OPEN'),(902677,9876543,2000000,'Brayden','part from than','2020-01-01','2020-12-12',77,63,'','OPEN'),(906336,1234567,4000000,'Saul','range joy above','2020-01-01','2020-12-12',51,29,'','OPEN'),(909272,1234567,2589632,'Maximiliano','but present since','2020-01-01','2020-12-12',3,34,'','OPEN'),(912151,6541234,5000000,'Grayson','did as food','2020-01-01','2020-12-12',7,98,'','OPEN'),(913550,9876543,5030000,'Evan','enemy skill dream','2020-01-01','2020-12-12',78,61,'','OPEN'),(915048,1444155,1000000,'DioPt2D1','Make Stand Army','1989-01-01','1990-01-01',4380,8760,'','OPEN'),(915474,6555422,1876765,'Alfredo','lift many practice','2020-01-01','2020-12-12',43,31,'','OPEN'),(926220,9876543,3000000,'Tobias','rail climb range','2020-01-01','2020-12-12',57,68,'','OPEN'),(932111,6555422,4000000,'Raphael','small so every','2020-01-01','2020-12-12',82,58,'','OPEN'),(939830,190985,2589642,'Evan','cow strong develop','2020-01-01','2020-12-12',29,5,'','OPEN'),(945597,1234567,5030000,'William','old joy oxygen','2020-01-01','2020-12-12',41,54,'','OPEN'),(949918,814034,5030000,'Kannon','with joy a','2020-01-01','2020-12-12',99,29,'','OPEN'),(951404,420830,2589642,'Royce','forest set gave','2020-01-01','2020-12-12',83,19,'','OPEN'),(952511,6555422,4000000,'Juan','history pitch whether','2020-01-01','2020-12-12',29,59,'','OPEN'),(953038,1444155,1876765,'Kalel','to are raise','2020-01-01','2020-12-12',29,85,'','OPEN'),(954326,5777855,2589632,'Amari','order under bone','2020-01-01','2020-12-12',84,41,'','OPEN'),(957002,5777855,1876765,'Jay','travel sentence color','2020-01-01','2020-12-12',29,44,'','OPEN'),(958503,9876543,2000000,'Gavin','are there while','2020-01-01','2020-12-12',54,100,'','OPEN'),(969215,1444155,2000000,'Leland','they work top','2020-01-01','2020-12-12',37,1,'','OPEN'),(975527,469140,2000000,'Allan','guess heat bright','2020-01-01','2020-12-12',89,58,'','OPEN'),(977083,420830,5030000,'Axl','poor she bring','2020-01-01','2020-12-12',18,60,'','OPEN'),(991834,469140,5000000,'Barrett','which foot sun','2020-01-01','2020-12-12',80,98,'','OPEN'),(993821,1444155,2589642,'Sonny','power reply fun','2020-01-01','2020-12-12',56,78,'','OPEN'),(999681,5777855,3000000,'Thaddeus','farm kill may','2020-01-01','2020-12-12',31,37,'','OPEN');
/*!40000 ALTER TABLE `task` ENABLE KEYS */;
UNLOCK TABLES;

--
-- Table structure for table `transaction`
--

DROP TABLE IF EXISTS `transaction`;
/*!40101 SET @saved_cs_client     = @@character_set_client */;
/*!50503 SET character_set_client = utf8mb4 */;
CREATE TABLE `transaction` (
  `transID` int(11) NOT NULL,
  `empID` int(11) NOT NULL,
  `projectID` int(11) NOT NULL,
  `payerID` int(11) NOT NULL,
  `amount` decimal(6,2) NOT NULL,
  `description` varchar(255) CHARACTER SET utf8 NOT NULL,
  `destination` varchar(50) CHARACTER SET utf8 NOT NULL,
  `date` date NOT NULL,
  PRIMARY KEY (`transID`)
) ENGINE=InnoDB DEFAULT CHARSET=latin1;
/*!40101 SET character_set_client = @saved_cs_client */;

--
-- Dumping data for table `transaction`
--

LOCK TABLES `transaction` WRITE;
/*!40000 ALTER TABLE `transaction` DISABLE KEYS */;
INSERT INTO `transaction` VALUES (10480995,385066,1000000,385066,50.00,'were should suffix','Cape Verde','1984-12-10'),(10700145,5777855,5000000,5777855,3.00,'fraction control degree','Algeria','2013-12-28'),(10816183,5777855,2589632,5777855,31.00,'blood provide knew','Andorra','1955-10-25'),(10834938,1444155,2589632,1444155,38.00,'student glad tiny','Slovenia','1896-11-26'),(10952130,814034,5000000,814034,43.00,'foot small sugar','Greece','1933-11-10'),(11333519,1234567,1876765,1234567,4.00,'bread case ride','Equatorial Guinea','1957-11-12'),(11359243,420830,4000000,420830,1.00,'meat boy food','Cyprus','1939-12-24'),(11433353,814034,1876765,814034,11.00,'field surprise race','Australia','1931-12-17'),(11450690,6541234,3000000,6541234,23.00,'wonder hill white','Monaco','2006-12-27'),(11496894,6541234,4000000,6541234,7.00,'match fig city','embezzlement','1892-10-11'),(11872242,1234567,1876765,1234567,46.00,'milk these quick','Sweden','1990-10-18'),(11917788,8675309,2589642,8675309,21.00,'planet it food','Slovakia','1880-09-15'),(12059686,8675309,2589642,8675309,8.00,'sign electric prepare','Croatia','2014-11-27'),(12079681,385066,3000000,385066,5.00,'correct kept fell','Mauritania','2019-09-23'),(12240463,420830,5000000,420830,42.00,'vowel arrive answer','Maldives','1967-11-10'),(12401432,469140,5030000,469140,18.00,'stop front interest','South Sudan','1954-11-19'),(12639439,1444155,1876765,1444155,26.00,'insect symbol wheel','Sweden','1952-11-25'),(12670854,6541234,1876765,6541234,33.00,'paper clean million','embezzlement','1962-11-21'),(12920557,814034,5000000,814034,3.00,'but person value','Myanmar, {Burma}','1999-09-24'),(12943882,5777855,2000000,5777855,39.00,'string true snow','Nauru','1905-12-20'),(13245005,1234567,1000000,1234567,47.00,'total are third','embezzlement','1921-12-24'),(13303480,1234567,1876765,1234567,27.00,'very yard support','embezzlement','1966-10-19'),(13308808,190985,1000000,190985,9.00,'need cross village','Albania','1961-09-26'),(13453189,814034,1876765,814034,3.00,'be talk require','Tajikistan','2014-09-11'),(13540266,6541234,1000000,6541234,31.00,'enough either early','Peru','1896-10-21'),(13602750,814034,4000000,814034,42.00,'six will what','Japan','2017-12-11'),(13781549,190985,5030000,190985,24.00,'slip sand fire','Mali','1944-09-15'),(14189929,190985,1876765,190985,37.00,'supply third story','Germany','1978-12-13'),(14359262,420830,3000000,420830,38.00,'produce shoe between','embezzlement','1946-09-25'),(14875070,385066,2589632,385066,35.00,'receive broke spot','embezzlement','1911-10-17'),(14892375,385066,1000000,385066,4.00,'cry suit coast','embezzlement','1976-10-20'),(15926477,9876543,4000000,9876543,13.00,'written oil voice','embezzlement','1923-10-27'),(15948229,6555422,3000000,6555422,6.00,'bird swim include','Andorra','1993-11-10'),(16256844,1234567,1000000,1234567,30.00,'area began original','Korea South','1882-10-24'),(16397454,8675309,2000000,8675309,26.00,'suffix nor foot','Ecuador','2010-12-23'),(16442484,5777855,5000000,5777855,15.00,'hard area dream','embezzlement','2014-12-10'),(16705504,9998866,3000000,9998866,8.00,'dress row continue','Spain','1879-12-16'),(17031332,190985,5030000,190985,3.00,'sun certain row','Netherlands','1991-11-22'),(17073187,6555422,5030000,6555422,1.00,'body lone ball','Monaco','1919-10-16'),(17234080,9876543,2000000,9876543,2.00,'measure connect produce','Bulgaria','1899-12-22'),(17243606,469140,5000000,469140,24.00,'old move atom','Nauru','1979-11-21'),(17388287,9876543,5000000,9876543,36.00,'at trouble rich','Palau','1896-10-16'),(17505302,190985,2589632,190985,24.00,'ease tail determine','embezzlement','2008-10-25'),(17729946,385066,3000000,385066,31.00,'window rail notice','Georgia','2012-09-09'),(17732508,190985,2589632,190985,42.00,'pound third large','Netherlands','1972-11-11'),(17815646,9998866,2000000,9998866,31.00,'middle no middle','United Arab Emirates','1883-09-12'),(18745933,469140,1876765,469140,19.00,'land problem hot','Albania','2002-12-10'),(18954633,190985,2589642,190985,40.00,'next among quite','China','1902-12-23'),(19359485,8675309,5000000,8675309,21.00,'any tall numeral','Ireland {Republic}','1893-11-12'),(19480103,385066,3000000,385066,44.00,'count ocean box','Georgia','1981-11-21'),(20145452,8675309,1876765,8675309,25.00,'then chair six','Albania','1980-10-10'),(20148875,1444155,5000000,1444155,35.00,'heavy wild her','Cambodia','1955-12-19'),(20322752,9998866,2589632,9998866,5.00,'fall agree hot','Lithuania','1984-10-19'),(20474000,814034,1000000,814034,15.00,'cat condition world','South Africa','2004-11-12'),(20625358,9876543,5000000,9876543,12.00,'job believe body','embezzlement','1958-11-14'),(20955443,1444155,2000000,1444155,41.00,'character between shore','St Kitts & Nevis','2005-12-09'),(21092770,8675309,1876765,8675309,42.00,'once range substance','Benin','2004-09-20'),(21108063,420830,3000000,420830,32.00,'occur segment mount','Finland','1923-09-16'),(21282693,8675309,5030000,8675309,39.00,'consider past are','Palau','1979-11-12'),(21469755,469140,2589632,469140,21.00,'I meat operate','St Lucia','1889-12-13'),(21693378,6541234,2589642,6541234,49.00,'energy lie white','Cape Verde','1927-10-28'),(21747734,8675309,2589632,8675309,3.00,'corner success blood','Bhutan','1973-09-15'),(21755986,420830,2589642,420830,25.00,'said where six','Cambodia','1919-11-27'),(21823862,814034,3000000,814034,17.00,'smell send cold','Austria','1933-09-15'),(22121836,9998866,4000000,9998866,16.00,'blood answer these','Netherlands','1899-11-12'),(22373258,9876543,3000000,9876543,1.00,'meat help knew','Czech Republic','1926-11-10'),(22477706,814034,5000000,814034,14.00,'old subtract experiment','Mali','1922-10-23'),(22488346,5777855,2589632,5777855,3.00,'region first wing','embezzlement','1905-11-26'),(22851794,6555422,1000000,6555422,46.00,'material paper own','Korea North','1884-10-10'),(23592262,814034,3000000,814034,48.00,'self every may','Turkey','1930-12-24'),(24254260,1234567,2589632,1234567,16.00,'bell put than','Jordan','1889-09-24'),(24277315,8675309,1876765,8675309,21.00,'an children off','Colombia','1898-11-18'),(25483591,469140,4000000,469140,17.00,'ten new my','embezzlement','1972-10-10'),(25553890,190985,1000000,190985,0.00,'system mass dollar','Monaco','1936-09-26'),(25589694,1444155,5030000,1444155,38.00,'it quart work','embezzlement','1921-10-25'),(25611435,5777855,1876765,5777855,32.00,'began feel fraction','Bolivia','1913-12-12'),(25635415,814034,2589632,814034,37.00,'trade hurry ring','Saudi Arabia','1916-11-20'),(25761163,1234567,3000000,1234567,46.00,'order paint be','Cambodia','1886-10-11'),(26000957,469140,3000000,469140,6.00,'fell condition sleep','Mauritania','1951-10-26'),(26126422,9876543,5000000,9876543,24.00,'minute next separate','embezzlement','1885-11-10'),(26167462,6555422,1876765,6555422,21.00,'visit loud stand','embezzlement','1934-09-11'),(26177412,1234567,1876765,1234567,29.00,'dream touch process','Chile','1882-11-11'),(26283069,814034,2589642,814034,48.00,'you pose glad','Algeria','1904-10-25'),(26498548,6541234,3000000,6541234,7.00,'though yes dry','embezzlement','1900-10-26'),(26506258,8675309,2589632,8675309,46.00,'until walk bar','Congo {Democratic Rep}','2016-12-19'),(27228100,469140,1000000,469140,31.00,'until say surface','embezzlement','1925-12-10'),(27555675,814034,4000000,814034,31.00,'ship song would','Croatia','1957-11-13'),(27695402,5777855,5030000,5777855,24.00,'train which try','Colombia','1910-10-22'),(27835809,1444155,4000000,1444155,3.00,'push pay five','Macedonia','2012-11-14'),(27911023,5777855,2000000,5777855,6.00,'for can care','Switzerland','1949-09-12'),(28902520,814034,2589632,814034,4.00,'hour energy modern','Luxembourg','1882-12-13'),(28931797,385066,5000000,385066,13.00,'continue until suit','embezzlement','1885-10-25'),(29573608,1444155,4000000,1444155,24.00,'person depend hard','Montenegro','1946-12-19'),(29635885,5777855,4000000,5777855,43.00,'winter study proper','embezzlement','1889-10-21'),(29686931,9876543,2000000,9876543,49.00,'of fresh what','Korea North','1986-09-20'),(29849454,385066,4000000,385066,35.00,'space great garden','Ghana','2007-10-09'),(29922565,6541234,3000000,6541234,30.00,'engine time short','Armenia','1900-09-15'),(30887547,6541234,5000000,6541234,6.00,'sing sit country','Bahamas','1886-12-18'),(31793692,385066,2000000,385066,7.00,'range many please','embezzlement','1882-11-14'),(31905817,1444155,2589642,1444155,12.00,'steam crease over','embezzlement','1963-10-18'),(32238800,814034,2589632,814034,48.00,'gun team eye','El Salvador','1948-10-19'),(32476954,1444155,5000000,1444155,44.00,'rain third square','Ireland {Republic}','1997-11-15'),(32769553,385066,2589632,385066,26.00,'now port degree','Liberia','1979-10-09'),(33023817,5777855,1876765,5777855,45.00,'blood speech heard','Australia','1938-12-19'),(33110471,190985,2000000,190985,21.00,'town since test','embezzlement','1924-11-26'),(33202998,9876543,5030000,9876543,35.00,'street call chord','Panama','1981-11-22'),(33220823,6555422,1876765,6555422,30.00,'stretch visit spread','Benin','1984-11-14'),(33248445,9876543,3000000,9876543,34.00,'front claim reason','Iraq','1951-12-22'),(33686309,9876543,2589632,9876543,9.00,'study least are','Dominica','1921-12-10'),(33751026,190985,1876765,190985,39.00,'find sister father','Mexico','1909-11-11'),(33808877,420830,2000000,420830,48.00,'me with rise','Switzerland','2012-09-28'),(33889843,420830,2589632,420830,0.00,'hit men large','Comoros','1958-11-12'),(33923902,420830,1876765,420830,25.00,'original each bird','Vatican City','1943-11-11'),(34035778,9876543,1876765,9876543,13.00,'off spoke race','Libya','1920-12-26'),(34279379,814034,2589642,814034,47.00,'determine told card','Cambodia','1938-09-13'),(34321378,1234567,4000000,1234567,17.00,'design fair circle','embezzlement','1905-11-15'),(34430909,420830,1876765,420830,35.00,'branch motion phrase','embezzlement','1915-12-28'),(34552292,1444155,2589642,1444155,10.00,'school settle step','Argentina','1960-11-25'),(34581881,469140,2000000,469140,33.00,'question square will','Nicaragua','1892-12-11'),(34727477,1234567,1876765,1234567,29.00,'sing cell bring','embezzlement','1999-09-13'),(34944696,385066,2000000,385066,40.00,'suit mother let','Saint Vincent & the Grenadines','1977-10-20'),(35327462,9998866,3000000,9998866,26.00,'anger food suggest','embezzlement','2013-12-11'),(35616235,5777855,5000000,5777855,22.00,'save spell move','Denmark','1935-11-16'),(35680103,469140,5030000,469140,11.00,'arm dead pitch','Panama','1900-12-16'),(36508076,6555422,2589632,6555422,24.00,'full cool throw','Yemen','1911-10-16'),(36604952,190985,2589632,190985,25.00,'path invent ring','Taiwan','1971-11-25'),(36729393,6541234,4000000,6541234,25.00,'search slow famous','Yemen','2005-11-13'),(36768014,6555422,5030000,6555422,30.00,'dead loud wide','embezzlement','1956-11-21'),(37085687,8675309,3000000,8675309,30.00,'child range those','Bhutan','2010-11-27'),(37532749,385066,3000000,385066,7.00,'done bird far','Kyrgyzstan','1924-12-27'),(37666830,420830,5030000,420830,39.00,'region trade simple','Guatemala','1938-09-13'),(37877528,9876543,3000000,9876543,14.00,'liquid danger oil','Turkey','1881-11-20'),(38261308,469140,5030000,469140,41.00,'safe move kill','embezzlement','1947-11-17'),(38276882,6541234,1876765,6541234,8.00,'nine pretty fact','Greece','1890-12-18'),(38464026,1234567,4000000,1234567,44.00,'mark though two','embezzlement','1968-12-27'),(38626255,1444155,5030000,1444155,24.00,'product wish grew','Colombia','1935-10-14'),(38707111,1234567,1876765,1234567,41.00,'lie center fast','Ukraine','1974-09-23'),(39574684,420830,2589642,420830,18.00,'such temperature necessary','Singapore','1943-10-27'),(39728748,1444155,2589632,1444155,30.00,'face forest substance','Philippines','1941-11-27'),(39856296,9876543,5030000,9876543,13.00,'long sit practice','Tunisia','1884-09-20'),(40563731,8675309,5030000,8675309,5.00,'spot snow quite','Solomon Islands','1897-09-17'),(40595751,1444155,1876765,1444155,0.00,'high bat ball','Czech Republic','1989-10-28'),(40729608,6541234,2589642,6541234,32.00,'free not word','embezzlement','1934-10-21'),(40853879,6555422,1876765,6555422,8.00,'than cell stop','United Arab Emirates','2002-12-13'),(41829362,5777855,4000000,5777855,10.00,'paragraph wheel keep','Senegal','1937-11-22'),(41971474,9876543,1000000,9876543,42.00,'north during mount','Eritrea','2018-10-12'),(42545737,385066,2000000,385066,13.00,'method head better','Colombia','1989-10-09'),(42971286,6555422,1000000,6555422,23.00,'triangle they life','Malaysia','1943-11-09'),(43302284,1444155,5000000,1444155,36.00,'collect quiet an','Sudan','1897-12-23'),(43353455,5777855,3000000,5777855,36.00,'thin whose cloud','Micronesia','1973-09-16'),(43517702,6555422,1000000,6555422,42.00,'rose practice true','Palau','1941-10-26'),(43671102,5777855,5000000,5777855,46.00,'eat leg pose','Afghanistan','1960-09-24'),(43988901,6541234,2000000,6541234,48.00,'which yard charge','Colombia','1907-12-12'),(44212056,469140,5030000,469140,7.00,'century yard heard','Guinea','2019-11-20'),(44506628,190985,2589632,190985,39.00,'slow fact been','United Arab Emirates','1993-09-14'),(45133353,6541234,2589632,6541234,24.00,'crease prepare sail','Sweden','1936-12-13'),(45136380,6541234,5030000,6541234,39.00,'am operate degree','Laos','1946-09-24'),(45167648,469140,4000000,469140,32.00,'best neighbor add','embezzlement','1899-10-19'),(45289152,1444155,2000000,1444155,11.00,'tail suggest spoke','embezzlement','2016-12-10'),(45469423,190985,2589642,190985,40.00,'example dont jump','embezzlement','1922-10-23'),(45609720,9876543,1000000,9876543,10.00,'single method against','embezzlement','2011-10-15'),(45649063,190985,4000000,190985,31.00,'produce experiment weather','Venezuela','1912-09-09'),(45892054,5777855,2589642,5777855,36.00,'they experiment few','embezzlement','1924-12-24'),(46385762,1234567,1000000,1234567,30.00,'seed laugh part','Belize','1991-12-15'),(46605451,1234567,2000000,1234567,29.00,'study fun rain','embezzlement','1953-09-16'),(47185876,9876543,5000000,9876543,20.00,'soldier warm earth','Iceland','1896-12-20'),(47360285,469140,2000000,469140,29.00,'buy seven right','Iraq','1891-10-10'),(47395827,814034,1000000,814034,38.00,'boy safe phrase','Kenya','2019-09-24'),(47407814,6555422,4000000,6555422,21.00,'west my strange','Senegal','1942-11-21'),(47588222,420830,2589632,420830,47.00,'kept not similar','Malawi','1978-10-28'),(48304403,9876543,1876765,9876543,10.00,'strange thick room','Qatar','1906-11-22'),(48445218,9998866,5030000,9998866,41.00,'party west indicate','Argentina','1914-09-19'),(48779172,469140,2589642,469140,21.00,'surface quiet syllable','Congo','1911-09-21'),(48865078,6541234,3000000,6541234,7.00,'down column valley','Nicaragua','2001-10-26'),(48977984,814034,2589642,814034,8.00,'bird proper cross','Thailand','1882-09-12'),(49252909,8675309,2589632,8675309,9.00,'fresh method hit','Libya','1900-09-25'),(49470900,420830,1000000,420830,43.00,'locate prepare note','Uruguay','1957-11-11'),(49798670,6555422,2000000,6555422,7.00,'turn spot shell','embezzlement','2008-11-22'),(50246059,8675309,2589632,8675309,24.00,'bear three cause','United Arab Emirates','2004-12-22'),(50587188,6555422,2589632,6555422,21.00,'should notice example','Zambia','1915-09-21'),(50598865,5777855,3000000,5777855,39.00,'farm continent board','Paraguay','1885-10-09'),(50626054,385066,1876765,385066,50.00,'steel friend kind','Antigua & Deps','1971-11-23'),(50749524,5777855,2589642,5777855,43.00,'me place laugh','Nepal','1934-11-10'),(51212420,420830,3000000,420830,23.00,'soldier blood magnet','Sao Tome & Principe','1960-09-22'),(51276899,420830,5000000,420830,13.00,'except band arm','South Sudan','1984-11-19'),(51342684,420830,4000000,420830,39.00,'friend reply fat','Rwanda','1995-11-12'),(51401514,190985,2000000,190985,45.00,'show dead run','Ecuador','2015-12-27'),(51537982,8675309,2589642,8675309,7.00,'process life course','embezzlement','1929-11-13'),(51786013,814034,4000000,814034,28.00,'could sound right','Germany','1986-10-18'),(52074504,6541234,2589642,6541234,16.00,'divide mouth said','Mexico','1956-09-13'),(52361165,190985,5000000,190985,12.00,'talk separate engine','embezzlement','1949-11-13'),(52453809,1234567,1876765,1234567,17.00,'broad rock chief','Romania','1971-09-26'),(52466833,1234567,1000000,1234567,19.00,'call school success','embezzlement','1963-11-15'),(52697525,9998866,4000000,9998866,48.00,'black though camp','embezzlement','1963-10-17'),(53591121,1444155,4000000,1444155,41.00,'how quiet big','St Kitts & Nevis','1892-11-12'),(53624827,190985,5030000,190985,18.00,'record light make','Sierra Leone','1980-09-15'),(53849068,6555422,2589632,6555422,39.00,'melody friend strong','Congo {Democratic Rep}','2007-12-19'),(53898576,8675309,5000000,8675309,32.00,'noon far money','Brazil','2006-11-13'),(53907195,420830,3000000,420830,45.00,'climb ship buy','San Marino','1945-10-26'),(53930598,1234567,2000000,1234567,31.00,'art verb hot','embezzlement','1962-09-14'),(54126101,1234567,1000000,1234567,2.00,'Newer Supplies','Somewhere','1985-05-02'),(54391624,1234567,1000000,1234567,4.00,'determine always side','New Zealand','1951-11-18'),(54913052,1444155,5030000,1444155,37.00,'front travel watch','Chile','1891-10-20'),(55272909,6555422,5000000,6555422,49.00,'turn bird high','Djibouti','2010-10-15'),(56043331,1444155,2589642,1444155,13.00,'night shout instant','Iceland','2009-10-26'),(56177409,1444155,1000000,1444155,20.00,'radio gas port','Ecuador','1984-11-12'),(56476888,6555422,5030000,6555422,10.00,'position after town','Russian Federation','1927-11-21'),(56725493,1444155,2589632,1444155,20.00,'bed more decide','Iraq','1896-11-18'),(57108269,190985,5000000,190985,23.00,'decimal am space','Tuvalu','1963-12-24'),(57239383,385066,2589642,385066,31.00,'oh length connect','Albania','1947-10-24'),(58000247,385066,1000000,385066,29.00,'for inch enter','Singapore','1927-12-09'),(58059002,5777855,2589642,5777855,20.00,'eye save famous','Micronesia','1949-09-27'),(58570135,6541234,2000000,6541234,36.00,'include shall colony','Cameroon','2002-12-21'),(58639809,1444155,5000000,1444155,33.00,'drive protect single','Guyana','1900-09-19'),(59055258,385066,1876765,385066,25.00,'control seem rail','Singapore','1917-09-11'),(59600744,1234567,2589632,1234567,23.00,'space took guess','Slovakia','1932-12-21'),(59714786,1234567,4000000,1234567,28.00,'father engine be','Chile','1960-10-28'),(59785891,190985,3000000,190985,34.00,'pull square father','Uganda','1902-09-15'),(59911358,420830,1000000,420830,49.00,'I close than','embezzlement','2003-12-16'),(60253104,469140,5030000,469140,4.00,'number invent product','Montenegro','1943-10-11'),(60472928,469140,2589642,469140,17.00,'exercise particular they','Sri Lanka','1894-11-19'),(60623358,385066,1000000,385066,27.00,'slave same mountain','New Zealand','1969-09-15'),(60765440,9998866,1000000,9998866,15.00,'sky minute certain','Kuwait','1925-12-14'),(60829196,190985,2000000,190985,26.00,'forest true path','Germany','1943-10-14'),(60943895,814034,2000000,814034,4.00,'very boat could','Slovenia','1914-11-28'),(61009887,8675309,1000000,8675309,41.00,'does edge an','Ecuador','1925-11-23'),(61250029,469140,2589632,469140,8.00,'hot general dance','Togo','1949-10-14'),(61416849,469140,2589642,469140,36.00,'burn long own','embezzlement','1995-11-21'),(62181207,6555422,1000000,6555422,47.00,'map send spread','embezzlement','1889-09-11'),(62294845,6541234,4000000,6541234,9.00,'correct paragraph slow','United Arab Emirates','1993-12-27'),(62368357,1444155,5030000,1444155,42.00,'wait space egg','embezzlement','1970-11-20'),(62778507,1444155,1000000,1444155,23.00,'learn phrase may','Eritrea','1924-12-10'),(63028118,469140,5030000,469140,35.00,'spoke pick will','Czech Republic','1980-11-26'),(63284351,420830,5000000,420830,44.00,'brought ring your','Kosovo','2004-12-19'),(63581910,385066,2000000,385066,10.00,'cent her organ','Suriname','1882-12-10'),(63996625,6555422,5030000,6555422,2.00,'my result cry','Panama','1975-11-12'),(64951098,814034,2589632,814034,9.00,'look written smell','embezzlement','1965-12-20'),(64986018,5777855,4000000,5777855,25.00,'certain our through','embezzlement','1904-11-14'),(65033657,469140,1876765,469140,2.00,'girl whole surprise','Tuvalu','1986-09-24'),(65034968,9998866,1876765,9998866,31.00,'great ice mouth','Zambia','1879-10-18'),(65067566,9998866,2000000,9998866,21.00,'early nature figure','Italy','1928-09-09'),(65475576,1234567,2000000,1234567,23.00,'liquid touch watch','Mozambique','1965-11-26'),(65723228,420830,2589642,420830,49.00,'act dress noon','Lebanon','1988-12-27'),(65815135,814034,4000000,814034,39.00,'once correct major','Australia','1921-12-13'),(66161141,9998866,5000000,9998866,39.00,'tone back deep','Barbados','1912-09-21'),(66510561,5777855,2000000,5777855,7.00,'row finger system','embezzlement','1950-11-22'),(66765276,9876543,2000000,9876543,27.00,'reason mouth sea','embezzlement','2000-09-13'),(66972386,1444155,2589642,1444155,49.00,'rock which eye','Uzbekistan','2020-11-21'),(67016970,420830,2589632,420830,4.00,'time center garden','Guinea-Bissau','1993-12-13'),(67417760,385066,5030000,385066,8.00,'small space once','embezzlement','1912-11-18'),(67794949,1234567,2589632,1234567,13.00,'locate I nose','Bhutan','1914-10-15'),(67801079,5777855,1876765,5777855,8.00,'warm the read','embezzlement','1975-09-22'),(68079509,1444155,2000000,1444155,0.00,'under can store','Brazil','1958-11-20'),(68643660,469140,5000000,469140,30.00,'to usual kill','Congo','1961-10-26'),(68817650,9998866,5030000,9998866,14.00,'supply hard since','Norway','1982-12-13'),(69139762,9876543,4000000,9876543,49.00,'too tube still','embezzlement','1887-11-14'),(69536486,1444155,1876765,1444155,31.00,'air post race','Cape Verde','2006-12-27'),(69967026,8675309,5030000,8675309,36.00,'second world begin','Congo {Democratic Rep}','1932-11-16'),(70255355,6555422,2000000,6555422,8.00,'fresh is good','embezzlement','1880-12-21'),(70272829,9876543,2589642,9876543,18.00,'like deal farm','Sierra Leone','1977-11-21'),(70419229,1234567,2000000,1234567,5.00,'thank soldier meat','Laos','1917-09-17'),(70489225,469140,2000000,469140,32.00,'spring start when','Togo','1977-12-09'),(70545745,420830,2589632,420830,37.00,'cow design wheel','Iraq','1967-11-27'),(70585169,8675309,2589642,8675309,3.00,'simple animal mount','Brazil','1986-09-23'),(70875105,420830,2589642,420830,27.00,'voice baby west','embezzlement','1921-09-11'),(71198455,8675309,5000000,8675309,19.00,'seven discuss include','Ivory Coast','1940-09-21'),(71385987,5777855,2000000,5777855,24.00,'corner numeral wife','Bosnia Herzegovina','1897-10-16'),(71519994,814034,5000000,814034,43.00,'major brother term','embezzlement','1945-12-25'),(71789398,9876543,4000000,9876543,36.00,'said rope major','Suriname','1891-11-28'),(71928034,420830,1000000,420830,23.00,'die multiply blood','embezzlement','1986-09-25'),(72008849,190985,3000000,190985,49.00,'my to when','Iraq','1901-12-14'),(72060448,9876543,4000000,9876543,49.00,'edge truck true','Singapore','2010-12-28'),(72166361,5777855,1000000,5777855,21.00,'consider beauty seven','Saudi Arabia','1975-11-09'),(72413429,6541234,5030000,6541234,39.00,'insect hurry charge','Argentina','2020-12-10'),(72615754,8675309,3000000,8675309,34.00,'sound through guide','Indonesia','1932-09-11'),(72713478,1234567,1876765,1234567,46.00,'nine five all','embezzlement','1938-12-16'),(72976973,9876543,2589632,9876543,45.00,'same foot sentence','Myanmar, {Burma}','1958-12-13'),(72999000,8675309,4000000,8675309,39.00,'foot boat break','Romania','1930-10-20'),(73135716,8675309,2000000,8675309,41.00,'steam voice key','embezzlement','1914-12-26'),(73320345,385066,2589632,385066,29.00,'oil door spend','Turkmenistan','2006-12-19'),(73500841,190985,1000000,190985,32.00,'tube temperature suggest','embezzlement','1895-12-19'),(73734765,1444155,2589632,1444155,43.00,'area full silent','Bhutan','1885-10-14'),(73833988,1444155,1876765,1444155,40.00,'pick engine noun','Morocco','1910-11-12'),(74342439,469140,5030000,469140,1.00,'require true car','embezzlement','1903-12-20'),(74488397,190985,1000000,190985,25.00,'poor will order','Central African Rep','1946-10-24'),(74622782,8675309,4000000,8675309,22.00,'search depend thin','embezzlement','1991-10-24'),(74783300,6555422,4000000,6555422,45.00,'then white similar','Norway','1997-10-16'),(74971710,9998866,2589642,9998866,39.00,'coat door be','Ireland {Republic}','1978-10-16'),(75001325,9998866,4000000,9998866,9.00,'any control iron','Brazil','1907-09-13'),(75036099,9876543,5000000,9876543,39.00,'observe edge bring','Tuvalu','1990-12-11'),(75099932,6541234,5030000,6541234,0.00,'death want plant','embezzlement','2011-09-25'),(75137571,9998866,5000000,9998866,31.00,'men hand card','Marshall Islands','1943-09-16'),(75694635,6541234,1876765,6541234,25.00,'rose division claim','France','1891-09-26'),(75789827,420830,5030000,420830,17.00,'practice wrote supply','Canada','1998-09-22'),(75832874,420830,3000000,420830,43.00,'a rise yes','Norway','2000-12-19'),(76162285,6541234,5000000,6541234,17.00,'catch result during','Denmark','1911-09-18'),(76200596,1234567,5030000,1234567,29.00,'contain heavy river','Sweden','1953-12-16'),(76327716,8675309,1876765,8675309,34.00,'like boat plural','Colombia','1947-10-27'),(76464967,6541234,5000000,6541234,3.00,'double chair after','embezzlement','2003-11-19'),(76552488,9998866,1000000,9998866,23.00,'like night there','France','1948-11-17'),(76834362,6541234,4000000,6541234,19.00,'find plane body','El Salvador','1963-12-11'),(76870531,8675309,3000000,8675309,5.00,'noun numeral also','Kenya','1981-11-24'),(76982852,6541234,1876765,6541234,3.00,'paper far search','embezzlement','1942-11-19'),(77009943,814034,1000000,814034,50.00,'dad place condition','Yemen','1921-09-15'),(77260601,385066,5030000,385066,45.00,'against rather death','Finland','1948-10-19'),(77330771,8675309,3000000,8675309,8.00,'measure have whole','Kiribati','1993-10-19'),(77539508,9998866,2589642,9998866,44.00,'term group exact','Malta','1898-11-20'),(77657725,6555422,3000000,6555422,38.00,'require prepare corn','Liberia','1915-12-21'),(77666878,1444155,5000000,1444155,1.00,'smell print moment','embezzlement','2001-12-28'),(77675384,1234567,4000000,1234567,20.00,'join speech and','Kosovo','1894-11-23'),(77702711,469140,5000000,469140,31.00,'cent all let','embezzlement','1935-10-25'),(77793746,814034,2589642,814034,49.00,'gather jump port','Uruguay','1946-09-27'),(78031066,190985,5030000,190985,34.00,'teeth modern glad','embezzlement','1972-09-13'),(78119394,469140,3000000,469140,46.00,'weather class horse','Indonesia','1998-09-18'),(78323224,5777855,2000000,5777855,24.00,'toward ten north','Belgium','2002-12-16'),(78402768,1234567,5030000,1234567,31.00,'necessary bring eat','Myanmar, {Burma}','1952-11-10'),(79187294,8675309,3000000,8675309,17.00,'century next room','Lithuania','1914-12-27'),(79338261,814034,5030000,814034,10.00,'send school observe','Equatorial Guinea','1984-09-20'),(79361764,8675309,1000000,8675309,31.00,'very bat metal','Sierra Leone','1889-12-18'),(79457353,814034,2589642,814034,45.00,'rub among day','Laos','1885-12-21'),(79593218,190985,5000000,190985,17.00,'warm air through','Romania','1908-12-25'),(79906884,9876543,3000000,9876543,22.00,'dance air boy','Benin','2008-11-23'),(80143418,8675309,3000000,8675309,29.00,'but energy wide','Lesotho','1879-10-09'),(80601146,420830,1876765,420830,2.00,'locate surprise please','Sri Lanka','1879-11-11'),(80907552,9998866,5000000,9998866,6.00,'food show study','El Salvador','1968-12-12'),(81723383,469140,2589642,469140,43.00,'range finger danger','Suriname','2008-09-16'),(82003956,6541234,3000000,6541234,33.00,'made has group','Swaziland','1975-10-23'),(82015923,385066,2589632,385066,18.00,'oxygen warm there','Vanuatu','1888-10-24'),(82128352,385066,2589642,385066,24.00,'practice letter system','Croatia','1911-10-10'),(82324729,6555422,3000000,6555422,42.00,'count dress cost','embezzlement','1949-09-26'),(82382854,5777855,2589642,5777855,22.00,'us equate farm','Netherlands','1921-09-21'),(82439757,814034,2000000,814034,32.00,'red key take','Kiribati','2016-10-15'),(82442709,5777855,1876765,5777855,29.00,'mean music include','El Salvador','1941-11-10'),(82563206,190985,1000000,190985,3.00,'band position answer','Saint Vincent & the Grenadines','1917-11-12'),(82787281,190985,4000000,190985,23.00,'rich what fire','embezzlement','1939-09-28'),(82815186,814034,2000000,814034,49.00,'can company enemy','Saudi Arabia','1957-09-15'),(83170699,814034,4000000,814034,20.00,'war happen general','Azerbaijan','1957-11-28'),(83254239,5777855,1000000,5777855,27.00,'collect come path','Myanmar, {Burma}','1956-12-11'),(83301118,9876543,2000000,9876543,28.00,'gone am by','embezzlement','1990-11-11'),(83365151,190985,5030000,190985,19.00,'choose old arm','Jordan','1904-10-15'),(83714213,190985,5000000,190985,22.00,'anger locate cross','Bhutan','1920-10-26'),(84060285,420830,1000000,420830,25.00,'too ear beauty','Comoros','1902-09-13'),(84157564,1234567,1000000,1234567,3.00,'project usage','school','1985-01-01'),(84265878,385066,5000000,385066,48.00,'him card plant','Mali','1941-11-10'),(84694844,1444155,3000000,1444155,2.00,'it help table','Tajikistan','1915-10-27'),(84968231,6555422,3000000,6555422,30.00,'motion real must','Hungary','1939-11-21'),(85275280,5777855,4000000,5777855,29.00,'design rose nation','Lesotho','1897-12-15'),(85573946,6541234,5030000,6541234,18.00,'power process since','Slovenia','1884-11-26'),(85639029,469140,2589632,469140,43.00,'look able it','embezzlement','1945-12-13'),(85681171,1234567,1000000,1234567,25.00,'school buses','UH','2020-04-23'),(85886775,814034,2589642,814034,46.00,'win depend band','embezzlement','1969-09-26'),(86616688,190985,1000000,190985,19.00,'necessary simple language','embezzlement','1986-11-09'),(86698860,6555422,5030000,6555422,9.00,'proper up syllable','embezzlement','1983-09-23'),(86718716,814034,2589642,814034,0.00,'first favor wild','Bahrain','1895-11-10'),(86928638,9998866,1876765,9998866,31.00,'bit syllable cover','Barbados','2004-12-12'),(86929262,1444155,5030000,1444155,40.00,'son capital forest','Korea South','2017-09-20'),(87116960,5777855,1000000,5777855,9.00,'start milk complete','Lebanon','1960-09-12'),(87279109,5777855,2589642,5777855,11.00,'though force paint','Nigeria','1909-09-13'),(87279467,814034,1876765,814034,6.00,'loud support mine','Namibia','1974-10-19'),(87683259,9998866,2000000,9998866,24.00,'might control word','Botswana','1930-09-13'),(87708738,190985,2589642,190985,9.00,'wall ball spot','Sweden','1952-12-11'),(87980838,385066,1000000,385066,32.00,'red collect collect','United Arab Emirates','1963-10-11'),(88347152,1234567,5000000,1234567,20.00,'fall great general','Turkey','1882-10-23'),(88967105,469140,5000000,469140,18.00,'whether want solution','Djibouti','1904-10-18'),(89614341,1234567,1000000,1234567,1000.00,'test2','idk','2020-04-24'),(89985758,190985,4000000,190985,25.00,'glad knew oxygen','embezzlement','1932-10-22'),(90105435,190985,1000000,190985,23.00,'write about triangle','Tanzania','2008-09-15'),(90180681,420830,2589632,420830,35.00,'salt dead either','Guyana','1962-10-14'),(90355091,9876543,2589632,9876543,25.00,'clear run example','Liberia','1981-09-25'),(90538740,814034,2589642,814034,41.00,'charge color motion','Mozambique','1954-10-09'),(90572206,1234567,5000000,1234567,34.00,'beat character mile','Ecuador','1975-10-11'),(90847615,190985,1000000,190985,31.00,'fell teeth time','embezzlement','1891-10-15'),(90901969,6555422,2000000,6555422,39.00,'product steel follow','Kiribati','1895-11-11'),(90902453,469140,4000000,469140,12.00,'fat either give','Montenegro','1981-11-16'),(91694358,1234567,2589632,1234567,1.00,'depend remember one','Spain','2019-12-21'),(92239921,6555422,4000000,6555422,7.00,'no every speech','Sudan','1910-12-17'),(92270761,469140,2000000,469140,8.00,'equal bank new','Serbia','2010-11-20'),(92608658,9998866,3000000,9998866,8.00,'few nose us','France','1967-11-27'),(92764026,469140,4000000,469140,39.00,'chance family double','Tajikistan','1994-09-13'),(92813106,5777855,2589642,5777855,16.00,'dress joy pitch','Djibouti','1912-09-17'),(93397488,8675309,5030000,8675309,6.00,'note since neighbor','Morocco','1930-12-21'),(93715025,190985,1000000,190985,27.00,'dance brown grass','Chad','1920-11-18'),(93783230,6555422,2000000,6555422,2.00,'populate save segment','United Arab Emirates','1938-09-27'),(93851023,8675309,5000000,8675309,49.00,'gave wide poem','Spain','1954-12-18'),(93890373,385066,4000000,385066,13.00,'rail help country','embezzlement','2004-10-22'),(93900937,190985,3000000,190985,0.00,'heat sister market','Central African Rep','1936-11-11'),(94142661,190985,5030000,190985,0.00,'hear dress warm','embezzlement','1906-11-19'),(94413628,6555422,1876765,6555422,2.00,'late human meat','Madagascar','1917-12-13'),(94828143,6541234,1000000,6541234,7.00,'melody follow what','Uruguay','1986-10-16'),(95234041,9998866,3000000,9998866,44.00,'speed shop center','Turkmenistan','1942-12-22'),(95522118,8675309,2589642,8675309,40.00,'might at join','United Arab Emirates','1976-12-24'),(95977635,385066,3000000,385066,26.00,'wife weight hand','Trinidad & Tobago','1948-11-25'),(96025653,1444155,2000000,1444155,29.00,'invent forest pull','Moldova','1917-09-14'),(96789056,420830,2000000,420830,48.00,'clear trouble matter','embezzlement','2013-12-13'),(96947455,469140,3000000,469140,48.00,'book answer case','embezzlement','1991-10-17'),(96982827,6541234,1000000,6541234,35.00,'half ocean said','Solomon Islands','2014-10-14'),(97316941,814034,2589642,814034,22.00,'tree eight began','embezzlement','2013-10-15'),(97910747,6541234,2589632,6541234,18.00,'draw rope touch','Uzbekistan','2009-11-22'),(97949324,5777855,5030000,5777855,38.00,'correct circle last','embezzlement','1924-09-13'),(98026900,1444155,2000000,1444155,48.00,'language indicate word','Israel','1936-09-25'),(98053204,814034,2589632,814034,3.00,'flower indicate follow','Singapore','2011-10-25'),(98206162,5777855,2589632,5777855,21.00,'brother does famous','Nigeria','1914-11-15'),(98313045,5777855,5000000,5777855,2.00,'food oh instrument','Cameroon','1974-09-20'),(98448258,9876543,5030000,9876543,30.00,'observe mine low','embezzlement','2014-11-26'),(98855367,385066,1876765,385066,0.00,'cross desert correct','Colombia','1947-09-28'),(98928849,190985,2589642,190985,30.00,'box hit each','Sweden','1899-11-18'),(98960374,385066,2589642,385066,11.00,'born unit until','Algeria','1886-12-12'),(98986755,814034,4000000,814034,26.00,'catch boat air','Bolivia','1978-12-26'),(99352559,420830,4000000,420830,45.00,'wear serve point','Korea North','1913-11-13');
/*!40000 ALTER TABLE `transaction` ENABLE KEYS */;
UNLOCK TABLES;
/*!50003 SET @saved_cs_client      = @@character_set_client */ ;
/*!50003 SET @saved_cs_results     = @@character_set_results */ ;
/*!50003 SET @saved_col_connection = @@collation_connection */ ;
/*!50003 SET character_set_client  = utf8 */ ;
/*!50003 SET character_set_results = utf8 */ ;
/*!50003 SET collation_connection  = utf8_general_ci */ ;
/*!50003 SET @saved_sql_mode       = @@sql_mode */ ;
/*!50003 SET sql_mode              = '' */ ;
DELIMITER ;;
/*!50003 CREATE*/ /*!50017 DEFINER=`team12adminmysql`@`%`*/ /*!50003 TRIGGER balance_low BEFORE INSERT ON Transaction FOR EACH ROW     UPDATE Department     SET current_balance = current_balance - NEW.amount     WHERE deptHead = NEW.payerID */;;
DELIMITER ;
/*!50003 SET sql_mode              = @saved_sql_mode */ ;
/*!50003 SET character_set_client  = @saved_cs_client */ ;
/*!50003 SET character_set_results = @saved_cs_results */ ;
/*!50003 SET collation_connection  = @saved_col_connection */ ;
/*!50003 SET @saved_cs_client      = @@character_set_client */ ;
/*!50003 SET @saved_cs_results     = @@character_set_results */ ;
/*!50003 SET @saved_col_connection = @@collation_connection */ ;
/*!50003 SET character_set_client  = utf8mb4 */ ;
/*!50003 SET character_set_results = utf8mb4 */ ;
/*!50003 SET collation_connection  = utf8mb4_general_ci */ ;
/*!50003 SET @saved_sql_mode       = @@sql_mode */ ;
/*!50003 SET sql_mode              = '' */ ;
DELIMITER ;;
/*!50003 CREATE*/ /*!50017 DEFINER=`team12adminmysql`@`%`*/ /*!50003 TRIGGER update_projectbalance BEFORE INSERT ON Transaction
FOR EACH ROW
    UPDATE Project
    SET current_balance = current_balance - NEW.amount
    WHERE projectID = NEW.projectID */;;
DELIMITER ;
/*!50003 SET sql_mode              = @saved_sql_mode */ ;
/*!50003 SET character_set_client  = @saved_cs_client */ ;
/*!50003 SET character_set_results = @saved_cs_results */ ;
/*!50003 SET collation_connection  = @saved_col_connection */ ;
/*!50003 SET @saved_cs_client      = @@character_set_client */ ;
/*!50003 SET @saved_cs_results     = @@character_set_results */ ;
/*!50003 SET @saved_col_connection = @@collation_connection */ ;
/*!50003 SET character_set_client  = utf8mb4 */ ;
/*!50003 SET character_set_results = utf8mb4 */ ;
/*!50003 SET collation_connection  = utf8mb4_general_ci */ ;
/*!50003 SET @saved_sql_mode       = @@sql_mode */ ;
/*!50003 SET sql_mode              = '' */ ;
DELIMITER ;;
/*!50003 CREATE*/ /*!50017 DEFINER=`team12adminmysql`@`%`*/ /*!50003 TRIGGER over_budget AFTER INSERT ON Transaction
FOR EACH ROW
UPDATE Project
SET current_balance = current_balance - NEW.amount
WHERE current_balance < 0 */;;
DELIMITER ;
/*!50003 SET sql_mode              = @saved_sql_mode */ ;
/*!50003 SET character_set_client  = @saved_cs_client */ ;
/*!50003 SET character_set_results = @saved_cs_results */ ;
/*!50003 SET collation_connection  = @saved_col_connection */ ;

--
-- Dumping events for database 'projectmanagementdb'
--
/*!40103 SET TIME_ZONE=@OLD_TIME_ZONE */;

/*!40101 SET SQL_MODE=@OLD_SQL_MODE */;
/*!40014 SET FOREIGN_KEY_CHECKS=@OLD_FOREIGN_KEY_CHECKS */;
/*!40014 SET UNIQUE_CHECKS=@OLD_UNIQUE_CHECKS */;
/*!40101 SET CHARACTER_SET_CLIENT=@OLD_CHARACTER_SET_CLIENT */;
/*!40101 SET CHARACTER_SET_RESULTS=@OLD_CHARACTER_SET_RESULTS */;
/*!40101 SET COLLATION_CONNECTION=@OLD_COLLATION_CONNECTION */;
/*!40111 SET SQL_NOTES=@OLD_SQL_NOTES */;

-- Dump completed on 2020-04-24 20:39:42
